Date,District,Rainfall_Today_mm,Cumulative_7Day_mm,Slope_Angle,Elevation_m,Disaster_Occurred,Intensity_Score
2021-01-31,Nuwara Eliya,4.24,47.55,42.78,1801.59,0,0.09
2022-08-15,Badulla,5.02,20.23,41.06,682.71,0,0.08
2020-01-18,Colombo,3.76,22.07,3.63,-2.62,0,0.07
2019-11-18,Badulla,5.03,39.05,42.28,679.83,0,0.07
2021-07-21,Nuwara Eliya,135.26,307.57,45.19,1803.32,1,3.8
2021-12-22,Matara,9.34,36.67,16.65,43.9,0,0.03
2019-12-04,Kegalle,63.74,222.53,40.44,204.41,0,0.01
2018-10-23,Kandy,14.12,28.16,12.04,46.4,0,0.08
2020-11-30,Ratnapura,4.02,4.72,34.91,128.62,0,0.03
2019-01-27,Badulla,65.19,439.68,42.95,686.52,1,4.43
2020-02-19,Kegalle,27.63,57.19,39.51,196.15,0,0.04
2022-04-20,Ratnapura,15.12,26.92,35.65,129.59,0,0.04
2020-03-05,Colombo,4.63,49.42,0.77,6.66,0,0.07
2020-10-17,Nuwara Eliya,4.23,15.67,44.56,1801.79,0,0.01
2022-09-19,Badulla,51.29,207.26,43.0,685.79,0,0.13
2021-09-16,Gampaha,59.33,353.64,2.34,5.69,0,0.0
2020-08-30,Colombo,19.09,53.72,0.26,2.47,0,0.04
2019-10-26,Matale,9.71,58.3,15.43,39.89,0,0.14
2022-03-14,Galle,2.68,33.16,11.16,49.87,0,0.08
2022-05-09,Galle,6.85,31.32,15.96,48.7,0,0.15
2021-12-10,Galle,6.78,25.17,17.29,53.76,0,0.09
2018-07-17,Kalutara,45.09,54.42,10.24,15.38,0,0.01
2019-10-22,Matale,13.26,18.07,16.44,45.24,0,0.14
2023-05-14,Galle,64.65,242.04,13.43,48.39,0,0.1
2018-12-12,Colombo,139.67,407.16,-1.42,5.59,1,4.03
2020-10-11,Colombo,15.0,35.23,3.93,-0.32,0,0.13
2019-09-20,Matale,11.64,60.32,16.71,58.94,0,0.04
2020-05-27,Kegalle,129.88,235.31,34.24,195.98,0,0.07
2020-03-26,Nuwara Eliya,10.21,37.34,47.69,1796.33,0,0.08
2019-04-15,Galle,30.87,76.17,16.08,42.51,0,0.07
2021-07-24,Ratnapura,5.43,19.47,34.47,143.6,0,0.0
2020-12-08,Ratnapura,8.2,45.58,34.98,130.95,0,0.14
2021-10-04,Ratnapura,31.43,46.71,39.24,137.73,0,0.03
2021-03-30,Badulla,22.01,50.51,42.43,673.77,0,0.01
2021-08-04,Kalutara,8.75,51.18,9.39,11.25,0,0.02
2018-09-03,Galle,41.53,87.2,16.81,46.98,0,0.08
2023-01-23,Nuwara Eliya,30.26,74.76,46.14,1805.68,0,0.05
2021-01-20,Kegalle,0.92,28.05,40.33,195.72,0,0.04
2018-11-10,Gampaha,1.09,39.59,2.06,15.44,0,0.03
2018-01-05,Galle,25.36,74.16,19.78,59.22,0,0.08
2022-08-21,Badulla,14.45,15.72,40.68,684.26,0,0.14
2020-03-01,Colombo,19.74,31.73,1.26,5.79,0,0.01
2022-06-13,Matara,18.18,39.96,15.37,52.89,0,0.11
2023-06-10,Gampaha,0.36,2.66,5.53,6.46,0,0.01
2022-11-09,Nuwara Eliya,3.4,35.89,46.4,1803.0,0,0.01
2022-11-17,Kandy,0.12,25.18,14.35,52.62,0,0.08
2019-05-31,Matara,40.35,69.02,15.69,54.63,0,0.02
2020-08-14,Badulla,42.93,53.26,42.89,685.68,0,0.04
2018-01-12,Kegalle,10.26,29.53,40.22,197.85,0,0.1
2020-10-18,Kegalle,9.44,56.28,39.94,191.42,0,0.01
2019-12-30,Kandy,13.77,42.56,15.1,52.47,0,0.11
2022-04-21,Kegalle,16.15,28.08,40.98,192.36,0,0.1
2018-10-06,Colombo,6.11,25.6,0.75,-1.71,0,0.04
2020-11-08,Ratnapura,25.14,49.26,34.18,134.92,0,0.07
2018-05-24,Kandy,20.17,67.48,15.4,45.98,0,0.12
2020-11-28,Kandy,6.38,50.76,13.6,49.96,0,0.05
2019-10-20,Colombo,0.85,35.9,3.23,11.79,0,0.01
2020-08-03,Matale,2.22,20.93,14.06,51.16,0,0.06
2019-05-15,Ratnapura,2.18,30.1,33.67,136.8,0,0.06
2023-02-25,Badulla,0.29,3.1,41.96,674.99,0,0.02
2020-04-08,Colombo,2.17,26.06,3.68,10.67,0,0.01
2020-07-17,Kalutara,95.31,292.11,14.72,13.57,1,0.67
2021-05-21,Matale,29.72,38.03,14.66,51.43,0,0.03
2021-03-12,Ratnapura,18.51,32.56,37.4,139.08,0,0.14
2020-08-25,Kalutara,8.12,31.31,16.38,10.96,0,0.05
2021-04-16,Kandy,2.96,37.2,15.68,59.38,0,0.02
2022-05-01,Badulla,13.54,56.85,43.48,687.38,0,0.01
2021-02-16,Matara,109.11,387.35,17.36,47.65,1,2.02
2023-02-21,Matale,15.81,29.48,15.55,51.39,0,0.01
2019-06-02,Ratnapura,61.09,378.93,38.28,131.13,1,4.08
2018-03-24,Ratnapura,2.32,12.68,33.52,126.75,0,0.13
2019-05-03,Kegalle,27.84,66.45,38.34,198.48,0,0.08
2018-09-25,Ratnapura,52.32,192.52,39.12,138.78,0,0.0
2021-05-15,Kandy,5.99,6.71,17.98,54.39,0,0.05
2018-04-08,Kegalle,18.76,44.46,37.63,189.8,0,0.12
2020-10-16,Galle,12.74,54.84,18.81,51.14,0,0.12
2023-02-19,Matara,10.67,39.65,15.26,47.59,0,0.05
2018-04-21,Colombo,4.09,13.09,6.68,-0.51,0,0.1
2018-10-08,Badulla,28.93,40.12,42.09,685.37,0,0.12
2022-01-29,Gampaha,5.78,30.95,2.79,4.82,0,0.1
2021-01-01,Gampaha,2.13,48.18,4.03,16.02,0,0.01
2020-11-15,Nuwara Eliya,1.63,20.16,46.23,1803.79,0,0.07
2019-04-19,Galle,0.51,7.17,18.56,51.26,0,0.1
2020-07-07,Matale,14.83,26.95,13.06,50.4,0,0.04
2019-04-30,Gampaha,0.75,12.41,5.38,11.12,0,0.05
2018-01-25,Nuwara Eliya,16.33,53.17,47.69,1793.46,0,0.08
2023-05-14,Ratnapura,10.29,40.67,30.98,135.34,0,0.04
2018-11-11,Kalutara,0.86,13.16,9.2,17.81,0,0.02
2020-04-22,Matara,32.31,52.2,9.99,53.42,0,0.15
2018-01-04,Kalutara,32.08,68.01,11.98,17.26,0,0.08
2020-11-15,Badulla,27.53,37.51,41.14,682.47,0,0.11
2018-05-20,Ratnapura,21.76,45.82,31.95,133.99,0,0.08
2022-08-24,Kalutara,1.64,17.75,10.28,13.08,0,0.12
2018-11-17,Kandy,12.65,55.19,19.78,46.98,0,0.11
2023-05-24,Kandy,5.0,42.05,15.34,50.45,0,0.09
2023-01-30,Matara,40.18,49.5,16.06,53.48,0,0.04
2018-03-19,Gampaha,7.1,29.7,2.45,13.04,0,0.11
2020-03-10,Badulla,4.62,22.39,43.42,691.04,0,0.06
2023-06-09,Kandy,3.11,34.49,15.47,53.85,0,0.05
2022-01-11,Nuwara Eliya,19.06,58.49,46.02,1806.24,0,0.02
2021-01-25,Kandy,5.72,30.42,14.01,51.94,0,0.11
2021-02-15,Kalutara,15.27,40.38,7.51,18.38,0,0.08
2021-03-26,Nuwara Eliya,8.2,35.33,46.93,1804.87,0,0.04
2018-03-10,Nuwara Eliya,4.96,12.63,41.44,1807.48,0,0.09
2020-08-15,Kegalle,51.42,320.96,39.59,200.23,1,3.85
2020-06-06,Kandy,21.47,42.67,13.42,52.36,0,0.11
2021-08-12,Colombo,3.0,44.95,1.82,8.91,0,0.02
2020-04-04,Ratnapura,7.16,9.9,35.11,135.47,0,0.05
2021-12-30,Colombo,63.1,267.18,3.7,-6.6,0,0.11
2022-04-02,Matale,1.45,17.02,15.94,42.35,0,0.12
2020-09-29,Kalutara,18.1,41.05,10.66,11.72,0,0.08
2018-12-08,Matara,1.74,12.23,20.15,50.3,0,0.13
2018-02-01,Ratnapura,20.8,59.58,34.93,127.28,0,0.07
2018-07-13,Kalutara,20.5,29.6,7.84,8.8,0,0.13
2023-03-10,Badulla,8.26,9.53,39.18,676.11,0,0.02
2021-04-16,Galle,2.01,35.6,14.82,50.15,0,0.0
2020-12-13,Colombo,26.44,31.41,0.95,7.45,0,0.04
2021-01-06,Matara,2.27,39.07,11.61,45.5,0,0.13
2022-07-06,Badulla,55.8,258.34,38.66,688.82,1,2.19
2021-11-10,Badulla,7.83,35.43,38.89,683.03,0,0.07
2020-07-28,Badulla,40.22,41.34,43.94,679.85,0,0.04
2019-07-06,Kegalle,3.75,52.97,37.3,203.72,0,0.08
2021-02-06,Kegalle,20.2,61.68,36.74,202.76,0,0.03
2023-03-13,Kalutara,7.34,16.11,12.51,19.91,0,0.14
2020-07-10,Kandy,1.2,38.1,15.77,38.15,0,0.01
2021-08-08,Badulla,8.52,44.47,40.78,672.97,0,0.04
2021-06-04,Kalutara,69.05,233.53,16.16,13.48,1,0.62
2021-03-17,Badulla,5.49,22.2,40.85,680.61,0,0.12
2022-03-05,Colombo,5.47,27.21,2.36,3.33,0,0.04
2018-05-11,Kegalle,7.94,25.99,41.26,204.86,0,0.01
2020-03-27,Ratnapura,1.64,45.29,34.85,133.1,0,0.11
2019-10-23,Ratnapura,15.13,39.61,37.57,135.31,0,0.03
2023-04-30,Colombo,1.59,47.37,2.86,6.04,0,0.01
2019-09-21,Galle,88.56,330.83,15.89,48.93,1,3.95
2020-07-23,Badulla,0.94,12.44,43.88,677.42,0,0.02
2021-01-26,Badulla,32.25,48.02,39.92,686.39,0,0.08
2021-10-04,Kalutara,17.37,29.02,14.06,7.57,0,0.0
2021-04-08,Kegalle,12.83,30.36,41.43,200.24,0,0.12
2019-04-22,Kandy,2.54,7.12,20.2,46.75,0,0.05
2018-12-06,Kandy,47.9,77.36,11.28,48.5,0,0.04
2020-08-06,Colombo,3.32,43.22,1.51,0.58,0,0.04
2021-11-04,Kalutara,36.21,39.46,13.66,16.04,0,0.06
2023-02-28,Kalutara,6.56,17.58,12.58,27.28,0,0.03
2018-09-16,Matara,86.93,465.25,14.01,49.16,1,4.48
2022-05-16,Matale,29.77,70.56,17.84,47.15,0,0.03
2021-02-17,Colombo,2.4,15.68,5.1,13.98,0,0.02
2022-07-31,Badulla,20.01,40.43,43.09,685.42,0,0.06
2018-11-24,Matale,0.68,34.84,14.93,58.97,0,0.01
2019-08-16,Kegalle,22.44,39.83,33.04,195.65,0,0.1
2023-02-26,Ratnapura,26.86,70.22,35.48,131.53,0,0.11
2018-12-29,Colombo,53.35,292.99,0.14,7.97,0,0.13
2019-03-02,Gampaha,174.77,501.76,1.92,13.19,1,1.53
2023-06-09,Matale,7.52,34.52,15.05,50.45,0,0.12
2021-09-11,Badulla,82.42,372.2,42.5,687.89,1,4.74
2020-09-15,Kalutara,1.76,37.16,12.35,17.04,0,0.01
2023-04-14,Kalutara,0.37,49.05,14.39,7.38,0,0.15
2022-08-27,Matale,132.98,379.58,15.73,47.37,1,3.58
2019-07-24,Galle,146.29,381.7,11.6,47.97,1,1.15
2020-06-05,Matale,7.98,15.53,17.24,56.55,0,0.06
2018-01-21,Kandy,8.01,28.48,12.55,58.3,0,0.13
2022-03-31,Kegalle,15.98,64.39,37.5,207.22,0,0.03
2022-08-08,Kandy,198.57,386.82,14.68,44.07,1,4.15
2019-01-13,Badulla,0.03,30.4,41.68,673.29,0,0.04
2019-06-05,Kalutara,26.35,55.87,10.85,12.68,0,0.06
2020-12-23,Ratnapura,22.91,57.66,34.1,117.88,0,0.13
2018-04-12,Colombo,0.89,50.22,1.95,2.14,0,0.02
2019-08-15,Kalutara,153.15,408.46,15.01,19.39,1,0.85
2023-06-20,Ratnapura,9.72,19.76,34.06,135.38,0,0.1
2018-05-23,Kegalle,75.68,444.55,40.2,198.63,1,3.46
2021-01-01,Galle,68.41,356.0,11.93,54.31,0,0.12
2018-04-21,Matale,6.44,45.63,19.23,48.97,0,0.07
2021-02-24,Colombo,32.26,64.77,1.56,-1.07,0,0.07
2021-06-20,Gampaha,34.09,55.77,2.29,-0.13,0,0.01
2023-01-10,Kegalle,16.99,37.16,41.01,190.01,0,0.03
2023-05-28,Ratnapura,80.96,434.84,34.33,131.76,1,3.59
2020-01-02,Nuwara Eliya,18.04,19.51,51.21,1801.74,0,0.06
2022-10-30,Kegalle,8.51,22.71,42.63,202.2,0,0.05
2022-07-25,Kegalle,3.53,48.98,42.75,203.89,0,0.03
2020-07-28,Kegalle,16.95,60.48,40.65,198.54,0,0.07
2019-05-19,Galle,4.46,52.93,17.3,41.3,0,0.04
2021-06-06,Kandy,3.51,26.2,17.22,46.46,0,0.04
2022-09-27,Kalutara,10.27,31.82,12.15,8.59,0,0.04
2022-09-03,Ratnapura,11.93,29.76,33.52,123.48,0,0.08
2018-11-01,Ratnapura,15.97,42.97,34.06,138.96,0,0.01
2018-11-30,Kegalle,0.42,11.66,39.36,197.74,0,0.03
2020-12-18,Kandy,29.14,53.13,15.38,45.53,0,0.1
2018-05-06,Kegalle,18.44,45.05,36.91,202.52,0,0.02
2022-07-20,Nuwara Eliya,27.98,32.67,43.12,1803.22,0,0.1
2021-10-07,Kalutara,9.44,56.67,11.62,16.09,0,0.1
2018-04-24,Kegalle,6.76,53.31,41.93,201.54,0,0.1
2020-03-11,Ratnapura,4.01,9.33,36.28,124.28,0,0.1
2020-10-06,Kalutara,40.09,44.61,13.6,13.01,0,0.04
2020-08-28,Nuwara Eliya,64.98,435.4,47.45,1803.47,1,4.54
2021-07-26,Badulla,8.81,25.22,41.36,684.74,0,0.09
2019-12-12,Kandy,22.69,44.91,16.75,39.22,0,0.0
2021-07-14,Badulla,35.61,62.73,42.9,674.75,0,0.14
2022-01-13,Kalutara,16.19,43.66,8.74,15.85,0,0.11
2018-12-30,Matale,14.09,17.65,17.64,50.43,0,0.14
2023-01-02,Matale,16.31,24.63,12.57,47.59,0,0.09
2019-01-08,Nuwara Eliya,19.0,23.48,46.04,1801.03,0,0.11
2018-01-02,Ratnapura,49.05,58.28,32.88,130.32,0,0.04
2021-06-18,Gampaha,42.29,68.61,1.35,9.25,0,0.02
2018-05-21,Galle,22.51,54.84,15.49,61.25,0,0.03
2022-07-15,Gampaha,6.76,20.5,2.45,13.76,0,0.12
2020-12-19,Galle,24.44,53.78,13.65,51.39,0,0.03
2019-04-28,Kegalle,1.57,13.08,44.94,190.54,0,0.03
2022-03-27,Gampaha,0.48,14.21,4.47,3.24,0,0.09
2022-08-09,Badulla,166.34,511.95,38.26,670.13,1,3.49
2021-01-30,Gampaha,7.69,37.48,3.34,11.26,0,0.06
2021-10-08,Matale,4.67,38.15,17.32,42.24,0,0.01
2018-06-09,Kandy,28.5,51.34,16.26,42.22,0,0.03
2021-02-27,Galle,134.98,335.05,12.0,43.35,1,2.82
2022-01-05,Nuwara Eliya,35.15,55.62,45.22,1801.89,0,0.06
2018-02-24,Ratnapura,3.19,4.19,30.33,127.5,0,0.11
2021-06-25,Ratnapura,24.43,62.19,35.15,136.14,0,0.02
2020-02-23,Kalutara,10.45,27.77,11.42,12.96,0,0.04
2019-03-25,Matale,22.83,30.92,13.9,54.07,0,0.12
2018-05-23,Kalutara,17.39,44.37,8.01,21.09,0,0.09
2021-03-27,Matara,1.22,42.16,18.55,51.3,0,0.05
2022-08-26,Kegalle,78.85,458.67,39.13,197.28,1,3.39
2018-09-10,Kalutara,3.75,45.21,13.82,7.01,0,0.05
2019-04-28,Colombo,1.04,26.34,3.02,9.99,0,0.03
2021-04-11,Nuwara Eliya,8.19,39.17,43.12,1799.28,0,0.1
2019-04-12,Badulla,1.9,39.62,39.34,681.39,0,0.09
2022-01-26,Colombo,1.94,15.21,-0.46,3.7,0,0.03
2019-02-04,Ratnapura,42.05,57.36,35.32,130.02,0,0.09
2018-05-04,Kalutara,54.42,212.81,9.91,13.96,0,0.06
2018-04-02,Kalutara,153.35,397.75,13.08,18.8,1,0.58
2022-06-03,Kandy,19.16,19.77,13.91,51.96,0,0.04
2021-05-21,Kandy,19.85,62.07,13.01,49.85,0,0.01
2022-12-23,Nuwara Eliya,26.37,57.07,44.22,1802.77,0,0.13
2019-07-08,Kandy,71.54,194.47,15.58,46.35,1,1.62
2018-08-30,Gampaha,43.59,62.91,4.62,6.45,0,0.07
2020-08-02,Ratnapura,4.07,29.68,35.06,126.23,0,0.1
2020-04-24,Matara,0.6,1.2,15.47,47.73,0,0.14
2018-10-04,Matara,3.44,36.51,12.31,45.14,0,0.03
2022-02-23,Gampaha,36.14,37.18,3.57,6.46,0,0.01
2021-05-28,Ratnapura,24.5,34.78,36.99,126.22,0,0.02
2021-11-06,Nuwara Eliya,6.05,54.47,46.28,1806.12,0,0.12
2019-10-14,Matale,6.99,47.57,15.11,51.34,0,0.1
2019-06-07,Gampaha,6.36,27.96,4.11,8.95,0,0.07
2020-09-11,Kegalle,54.49,240.26,39.56,198.62,1,4.3
2022-07-13,Galle,15.43,51.85,16.68,45.93,0,0.12
2018-08-24,Matale,7.84,44.24,17.25,46.0,0,0.02
2018-08-01,Nuwara Eliya,17.62,54.26,43.94,1802.93,0,0.08
2022-09-21,Ratnapura,20.81,64.48,31.2,130.39,0,0.1
2021-02-25,Kandy,0.23,36.56,14.72,43.88,0,0.15
2021-02-01,Badulla,5.71,42.36,44.58,677.89,0,0.09
2020-07-11,Kegalle,196.3,306.89,42.39,196.95,1,4.03
2020-11-03,Colombo,3.17,18.45,1.76,7.1,0,0.13
2021-01-29,Gampaha,32.01,61.66,1.37,-0.47,0,0.06
2022-02-01,Kalutara,39.52,68.93,8.95,21.31,0,0.07
2019-06-10,Badulla,20.61,50.78,42.25,676.56,0,0.1
2019-08-17,Badulla,17.24,20.17,43.56,677.24,0,0.05
2019-06-26,Gampaha,18.21,25.58,4.9,13.41,0,0.05
2021-04-21,Ratnapura,7.29,57.21,34.83,129.39,0,0.14
2023-01-11,Ratnapura,38.5,59.0,38.72,124.62,0,0.13
2018-03-16,Galle,1.63,18.36,18.77,57.72,0,0.0
2022-07-07,Kalutara,8.87,21.84,12.28,6.16,0,0.06
2019-08-04,Kandy,69.26,358.61,9.57,46.0,1,0.7
2021-08-11,Kegalle,0.18,11.44,40.2,200.73,0,0.02
2022-05-12,Nuwara Eliya,1.79,15.9,45.71,1800.61,0,0.04
2018-06-12,Galle,7.93,30.42,14.55,51.84,0,0.12
2022-04-29,Colombo,0.52,7.48,0.95,4.93,0,0.08
2023-05-07,Matale,0.55,48.72,16.47,48.59,0,0.08
2018-07-18,Kandy,7.53,56.6,14.78,46.98,0,0.04
2021-02-28,Galle,15.59,46.01,15.59,43.22,0,0.05
2019-03-01,Ratnapura,2.31,30.37,34.15,127.29,0,0.08
2022-05-16,Kegalle,39.22,69.86,42.02,188.58,0,0.03
2019-09-02,Ratnapura,27.28,32.16,32.81,128.91,0,0.13
2019-03-11,Galle,5.75,28.71,13.58,50.37,0,0.01
2023-01-29,Ratnapura,4.5,42.34,33.71,126.0,0,0.08
2019-01-11,Matara,15.0,53.6,14.28,52.56,0,0.0
2023-04-29,Matara,6.19,11.46,16.77,49.61,0,0.1
2019-08-24,Matale,83.44,340.44,17.62,47.16,1,1.65
2019-04-21,Colombo,12.79,58.55,5.75,10.4,0,0.08
2019-07-08,Nuwara Eliya,23.76,68.62,42.54,1801.06,0,0.03
2019-05-01,Ratnapura,11.3,52.32,34.15,130.45,0,0.05
2020-09-16,Kalutara,9.63,33.9,12.68,12.29,0,0.02
2019-11-01,Kegalle,0.1,26.47,37.62,198.72,0,0.11
2020-07-18,Gampaha,5.19,46.14,3.39,8.23,0,0.08
2018-07-30,Colombo,15.37,40.08,4.63,4.41,0,0.12
2019-04-21,Gampaha,0.73,21.74,2.09,8.49,0,0.14
2018-11-03,Kegalle,7.76,49.83,41.53,206.29,0,0.07
2022-12-12,Matale,28.19,62.51,13.19,51.62,0,0.01
2023-05-13,Kalutara,45.36,77.5,11.2,17.62,0,0.1
2023-04-29,Kalutara,11.52,49.49,10.81,14.04,0,0.14
2021-11-25,Galle,133.49,350.42,15.56,53.73,0,0.06
2018-05-22,Nuwara Eliya,13.31,37.26,43.1,1798.48,0,0.0
2019-02-28,Matara,90.09,399.89,15.78,46.52,1,3.86
2018-06-22,Galle,24.74,56.49,17.01,60.28,0,0.07
2021-02-17,Kalutara,43.51,54.83,8.6,17.64,0,0.11
2018-02-10,Nuwara Eliya,10.4,41.71,44.29,1803.97,0,0.08
2020-12-21,Ratnapura,7.79,36.46,33.88,121.54,0,0.1
2021-08-20,Nuwara Eliya,33.44,35.08,44.87,1792.39,0,0.13
2019-04-27,Matara,19.32,26.2,13.96,51.21,0,0.05
2020-03-30,Kalutara,7.17,19.04,15.22,21.57,0,0.08
2019-06-24,Nuwara Eliya,26.4,56.44,44.49,1787.99,0,0.11
2022-11-28,Matara,2.35,25.97,13.75,50.97,0,0.01
2022-07-30,Badulla,5.46,19.49,41.56,669.66,0,0.03
2019-10-15,Kalutara,2.68,24.61,12.6,16.44,0,0.03
2019-09-10,Matale,42.62,86.62,13.84,54.27,0,0.09
2022-04-24,Matale,21.21,40.7,14.87,47.05,0,0.11
2019-08-07,Matara,28.07,63.99,12.64,54.18,0,0.14
2022-01-16,Matara,1.04,13.87,16.62,52.68,0,0.1
2022-08-24,Nuwara Eliya,13.57,17.12,43.22,1798.47,0,0.01
2019-10-17,Colombo,9.08,38.77,2.34,7.21,0,0.0
2018-07-29,Badulla,51.73,187.89,42.41,683.79,0,0.14
2022-08-29,Badulla,0.29,15.05,39.71,680.54,0,0.07
2023-01-11,Gampaha,42.42,61.79,2.65,2.57,0,0.13
2019-02-24,Badulla,49.47,60.78,42.16,675.98,0,0.06
2018-07-14,Colombo,21.82,51.87,-1.64,1.53,0,0.11
2023-05-07,Matara,14.08,58.58,12.82,47.95,0,0.05
2021-03-17,Badulla,8.1,11.69,42.1,679.19,0,0.06
2020-03-27,Ratnapura,3.63,53.03,36.93,138.08,0,0.07
2021-11-12,Ratnapura,0.22,48.42,34.91,124.27,0,0.06
2021-03-24,Kalutara,4.03,11.38,11.7,18.68,0,0.07
2023-05-16,Kandy,11.74,33.95,14.17,55.35,0,0.15
2018-07-20,Ratnapura,4.11,52.65,35.4,126.11,0,0.12
2020-12-28,Kandy,4.61,46.54,20.27,40.97,0,0.05
2021-10-09,Badulla,9.05,50.58,42.06,673.39,0,0.08
2021-11-09,Matara,12.2,27.22,13.96,52.82,0,0.05
2022-08-15,Gampaha,4.0,39.55,6.44,8.56,0,0.14
2018-03-05,Matale,6.1,12.63,15.51,52.34,0,0.12
2019-04-21,Kandy,16.77,24.21,13.67,54.37,0,0.07
2021-08-20,Nuwara Eliya,11.76,21.92,45.51,1805.23,0,0.11
2019-02-03,Matale,21.53,70.56,10.73,65.69,0,0.06
2023-05-25,Nuwara Eliya,138.82,239.77,44.79,1806.95,1,3.63
2020-01-07,Matara,24.63,25.58,16.19,35.3,0,0.07
2021-10-04,Kalutara,1.15,19.09,13.9,20.51,0,0.12
2022-08-15,Badulla,182.51,532.76,43.91,682.57,1,4.01
2022-04-22,Matara,9.63,29.59,15.36,50.73,0,0.11
2023-06-21,Nuwara Eliya,10.72,51.14,43.65,1799.28,0,0.14
2021-08-06,Badulla,2.0,41.73,38.21,681.07,0,0.11
2021-04-26,Kegalle,2.8,16.85,39.68,196.45,0,0.12
2020-08-31,Matara,9.7,21.0,16.66,49.03,0,0.1
2019-03-13,Kandy,11.4,47.39,14.19,43.09,0,0.13
2021-01-02,Gampaha,25.34,48.5,3.44,16.45,0,0.04
2018-02-22,Matara,3.19,39.23,16.05,41.31,0,0.06
2023-05-05,Kegalle,1.4,17.28,40.67,195.26,0,0.0
2020-10-14,Gampaha,18.09,41.43,4.39,17.98,0,0.05
2020-07-28,Colombo,20.81,49.4,1.66,5.75,0,0.14
2020-03-29,Badulla,26.61,60.96,41.55,683.78,0,0.07
2020-07-17,Matale,3.74,47.52,15.92,54.52,0,0.03
2022-04-09,Matale,2.83,41.92,15.18,50.99,0,0.1
2020-03-20,Ratnapura,5.55,28.44,35.82,129.38,0,0.03
2023-06-21,Badulla,36.48,77.59,40.98,679.26,0,0.13
2022-04-01,Colombo,16.97,50.86,1.26,15.52,0,0.09
2018-06-11,Colombo,33.54,65.78,2.75,0.49,0,0.06
2019-05-03,Kalutara,8.47,11.38,12.38,14.26,0,0.02
2022-08-01,Kandy,0.37,17.24,16.48,47.43,0,0.0
2020-05-17,Gampaha,7.75,51.64,4.32,8.62,0,0.01
2020-05-07,Kalutara,7.77,14.35,11.46,22.83,0,0.13
2022-03-06,Kandy,3.67,25.44,14.62,46.54,0,0.05
2019-10-27,Ratnapura,8.21,36.62,33.31,133.66,0,0.1
2020-08-30,Galle,19.79,50.1,15.71,53.84,0,0.04
2020-12-04,Kalutara,23.11,26.1,12.62,15.75,0,0.1
2019-05-31,Gampaha,25.86,64.71,7.25,12.16,0,0.03
2021-01-18,Galle,38.0,45.35,15.68,45.03,0,0.12
2021-10-15,Nuwara Eliya,2.41,48.28,48.16,1794.92,0,0.04
2022-09-20,Colombo,1.61,2.0,2.66,8.1,0,0.09
2019-04-04,Matara,5.55,9.37,11.78,50.92,0,0.04
2019-08-21,Kegalle,15.34,58.54,37.38,200.96,0,0.07
2019-05-08,Matale,132.36,349.92,13.32,52.01,0,0.1
2022-09-01,Nuwara Eliya,14.36,18.02,41.8,1802.31,0,0.09
2018-06-03,Kalutara,59.62,447.66,13.1,12.09,0,0.08
2019-03-26,Kegalle,5.18,17.55,38.72,202.44,0,0.1
2020-11-28,Ratnapura,11.81,12.42,35.46,123.98,0,0.0
2022-06-25,Gampaha,18.07,30.76,2.02,12.34,0,0.04
2018-12-15,Badulla,16.42,20.96,48.99,672.68,0,0.0
2022-06-23,Ratnapura,24.32,43.64,31.59,127.89,0,0.09
2021-01-10,Nuwara Eliya,78.27,382.14,43.39,1803.73,1,2.05
2022-05-23,Kandy,13.94,55.93,15.98,58.51,0,0.02
2018-07-18,Galle,16.17,26.41,17.82,47.97,0,0.09
2019-07-07,Badulla,25.27,40.03,41.14,680.43,0,0.13
2023-04-05,Badulla,13.93,37.1,40.69,686.07,0,0.01
2019-09-20,Galle,19.78,49.3,14.67,53.33,0,0.01
2021-09-11,Kandy,149.44,514.26,13.27,53.23,0,0.01
2023-06-11,Kalutara,13.44,43.93,13.62,21.69,0,0.13
2020-05-18,Colombo,3.35,53.33,0.29,0.38,0,0.06
2022-04-01,Matara,1.3,22.02,15.51,57.84,0,0.11
2018-02-01,Matale,7.83,31.92,15.27,41.25,0,0.05
2022-05-03,Nuwara Eliya,20.53,55.95,43.15,1801.65,0,0.03
2021-01-09,Colombo,4.97,45.14,-0.41,4.09,0,0.02
2021-11-02,Galle,0.25,7.36,14.16,54.71,0,0.03
2021-09-25,Nuwara Eliya,14.29,29.89,46.47,1805.71,0,0.07
2021-01-28,Nuwara Eliya,216.03,607.11,44.41,1799.64,1,2.86
2023-04-08,Matara,6.32,8.91,16.78,52.88,0,0.08
2018-10-10,Kalutara,13.24,44.49,12.84,13.49,0,0.05
2020-11-11,Badulla,3.0,45.54,40.44,680.01,0,0.15
2021-04-17,Kegalle,140.72,298.15,38.67,197.52,1,2.76
2020-06-20,Ratnapura,23.25,41.05,37.02,129.07,0,0.01
2022-02-21,Badulla,5.75,54.85,40.98,681.06,0,0.12
2019-01-26,Galle,34.75,48.64,14.28,43.37,0,0.04
2019-12-15,Colombo,88.23,309.31,-0.66,5.39,1,3.45
2022-02-06,Nuwara Eliya,12.67,22.94,41.31,1795.35,0,0.07
2018-07-27,Kegalle,86.47,209.57,41.9,193.57,0,0.01
2018-08-18,Nuwara Eliya,22.85,55.27,43.91,1798.64,0,0.04
2020-03-12,Kalutara,7.53,21.09,14.38,20.07,0,0.09
2019-02-17,Nuwara Eliya,5.66,40.72,46.1,1801.7,0,0.1
2018-10-11,Ratnapura,2.33,50.21,35.09,128.72,0,0.06
2021-06-14,Gampaha,27.34,64.48,1.34,13.49,0,0.05
2022-11-15,Matale,5.75,55.56,15.52,51.49,0,0.03
2018-02-12,Colombo,5.7,46.62,4.44,10.18,0,0.01
2021-12-30,Ratnapura,7.11,30.06,33.6,125.65,0,0.11
2021-08-30,Ratnapura,75.65,417.18,33.84,131.2,1,4.33
2022-01-06,Matara,33.96,60.03,15.96,43.81,0,0.01
2019-05-05,Ratnapura,19.32,37.75,35.31,133.83,0,0.13
2019-10-11,Kegalle,7.96,43.23,39.54,207.27,0,0.06
2019-02-24,Kegalle,1.65,16.27,41.08,200.92,0,0.07
2021-04-23,Nuwara Eliya,126.07,310.39,41.67,1808.13,1,3.91
2020-07-22,Kegalle,2.97,42.29,41.47,199.21,0,0.14
2018-08-30,Galle,14.77,15.17,16.62,52.73,0,0.14
2018-10-10,Matara,10.85,54.49,11.75,51.77,0,0.12
2023-01-12,Galle,10.94,58.0,14.75,51.64,0,0.13
2021-05-21,Colombo,39.56,56.8,2.62,-5.78,0,0.07
2019-02-18,Colombo,32.0,56.47,-2.64,-0.33,0,0.06
2021-06-24,Matara,38.95,66.02,15.2,55.6,0,0.05
2019-09-30,Matale,3.24,32.35,16.15,51.74,0,0.02
2021-06-11,Matale,6.2,37.01,12.24,47.18,0,0.08
2021-04-13,Ratnapura,9.54,18.12,37.68,118.35,0,0.08
2022-03-03,Kalutara,23.22,48.01,11.28,15.28,0,0.14
2018-10-22,Matara,3.98,14.19,13.01,53.26,0,0.08
2020-03-31,Ratnapura,6.58,41.01,34.91,126.18,0,0.04
2018-01-25,Kalutara,45.22,87.38,12.56,23.79,0,0.07
2020-08-04,Kalutara,5.07,49.19,11.52,22.15,0,0.07
2022-09-13,Colombo,19.51,22.84,1.45,9.7,0,0.1
2019-11-16,Kegalle,4.55,32.5,42.4,197.54,0,0.05
2023-02-18,Badulla,1.78,24.99,39.49,672.65,0,0.11
2021-02-19,Matale,44.5,63.16,14.63,53.26,0,0.09
2022-02-14,Matara,36.37,75.46,13.53,50.41,0,0.11
2020-03-17,Gampaha,3.91,21.26,4.34,5.41,0,0.06
2022-01-05,Ratnapura,14.19,56.82,36.28,122.67,0,0.08
2022-05-17,Gampaha,31.19,60.61,1.5,1.5,0,0.03
2021-06-14,Matale,20.41,27.09,16.89,54.3,0,0.07
2020-03-01,Kegalle,6.38,38.21,39.84,202.72,0,0.11
2018-03-02,Ratnapura,4.98,37.71,37.59,130.57,0,0.12
2022-05-29,Galle,15.48,54.81,16.23,52.64,0,0.12
2018-12-06,Ratnapura,7.51,51.47,34.08,129.67,0,0.04
2022-03-21,Matara,4.48,30.19,15.75,52.35,0,0.11
2019-03-31,Matara,11.03,46.37,13.66,51.38,0,0.15
2018-01-27,Nuwara Eliya,0.14,28.7,46.2,1805.21,0,0.05
2020-02-20,Ratnapura,0.34,15.95,34.41,135.5,0,0.0
2021-12-09,Matara,0.99,31.97,17.67,53.15,0,0.08
2021-05-16,Kandy,21.74,59.58,15.5,55.23,0,0.07
2018-03-15,Matale,16.22,34.8,18.3,59.37,0,0.09
2021-04-29,Matale,5.45,28.51,9.97,43.21,0,0.14
2020-11-03,Matale,0.93,32.52,16.88,48.23,0,0.01
2019-07-25,Colombo,4.25,34.21,-0.62,9.34,0,0.03
2023-06-19,Kalutara,45.41,46.36,15.97,12.35,0,0.12
2019-01-10,Matale,40.59,67.39,16.69,52.5,0,0.07
2021-01-22,Kegalle,63.56,341.41,36.69,202.69,1,2.55
2021-03-19,Nuwara Eliya,0.71,44.76,44.85,1797.74,0,0.13
2020-04-09,Matale,17.38,54.25,15.86,48.29,0,0.04
2022-03-15,Colombo,29.01,71.38,2.51,9.1,0,0.01
2018-10-03,Galle,8.85,24.16,10.97,43.74,0,0.08
2021-01-26,Kegalle,16.11,63.23,37.61,198.49,0,0.01
2020-02-22,Kandy,4.54,4.97,15.67,50.1,0,0.02
2023-04-15,Matara,3.49,52.26,14.1,55.45,0,0.03
2022-03-20,Kegalle,1.35,25.57,41.76,198.1,0,0.05
2021-08-18,Kandy,9.05,9.2,18.02,49.42,0,0.03
2021-09-28,Ratnapura,12.59,26.69,35.63,129.81,0,0.05
2020-02-29,Colombo,37.52,53.21,5.67,9.07,0,0.08
2019-11-10,Ratnapura,5.09,33.07,35.03,128.24,0,0.1
2019-03-20,Galle,1.05,21.86,15.41,48.69,0,0.08
2019-05-03,Ratnapura,33.32,76.8,35.09,136.72,0,0.06
2022-04-24,Matara,1.22,10.48,17.95,44.16,0,0.04
2021-12-06,Badulla,8.41,56.91,42.88,677.85,0,0.09
2018-07-04,Kalutara,11.45,39.29,14.44,12.43,0,0.13
2021-07-02,Kandy,6.23,49.93,16.04,45.11,0,0.04
2021-11-30,Nuwara Eliya,11.1,34.02,46.07,1806.14,0,0.05
2021-07-20,Matara,1.02,11.4,16.66,49.86,0,0.04
2019-11-30,Galle,11.43,46.64,16.73,57.59,0,0.14
2019-05-13,Kegalle,17.86,63.39,38.8,194.45,0,0.08
2019-04-24,Kandy,14.62,15.87,10.83,58.62,0,0.07
2021-07-12,Ratnapura,5.24,40.02,35.26,130.43,0,0.09
2020-12-01,Badulla,37.04,70.91,40.93,681.79,0,0.08
2021-12-01,Matara,0.48,26.72,13.72,49.17,0,0.12
2018-08-15,Badulla,81.42,461.38,41.61,679.68,1,2.21
2018-09-30,Kalutara,47.11,91.36,9.66,20.73,0,0.11
2021-05-26,Ratnapura,115.4,317.39,36.75,137.36,1,1.5
2020-03-06,Ratnapura,22.37,32.3,35.66,130.14,0,0.02
2019-01-02,Matara,86.11,336.57,12.81,51.49,0,0.04
2019-05-25,Kalutara,35.05,80.27,14.41,18.89,0,0.12
2023-06-01,Matale,13.24,57.47,16.27,44.41,0,0.13
2022-02-03,Nuwara Eliya,7.92,17.16,47.27,1794.47,0,0.05
2020-09-11,Nuwara Eliya,8.49,23.49,45.46,1808.56,0,0.09
2021-08-18,Colombo,10.54,43.47,3.82,5.53,0,0.14
2020-01-09,Kalutara,13.23,60.36,15.79,16.1,0,0.01
2018-07-22,Kandy,21.99,66.78,13.54,48.76,0,0.12
2018-12-26,Badulla,2.72,31.12,42.85,690.4,0,0.04
2022-01-08,Kalutara,0.81,12.81,14.74,13.22,0,0.02
2019-06-27,Nuwara Eliya,6.16,34.88,45.05,1797.66,0,0.02
2022-02-22,Kalutara,1.99,41.68,12.55,17.22,0,0.02
2022-12-14,Ratnapura,44.98,90.63,32.63,130.99,0,0.08
2022-03-30,Matara,3.88,19.05,15.97,52.31,0,0.14
2018-01-06,Kandy,18.96,42.74,15.38,52.25,0,0.06
2019-12-11,Matale,20.65,24.07,15.32,50.27,0,0.06
2020-06-05,Badulla,6.58,53.59,44.06,686.73,0,0.01
2023-04-28,Ratnapura,6.07,19.97,38.19,128.22,0,0.03
2023-02-03,Matara,1.07,9.48,15.63,48.34,0,0.13
2021-08-03,Badulla,32.87,43.89,42.03,672.12,0,0.13
2022-03-08,Badulla,2.69,18.43,38.96,675.02,0,0.01
2023-03-24,Galle,1.27,28.28,16.55,52.77,0,0.13
2019-05-09,Nuwara Eliya,14.22,41.59,45.01,1807.89,0,0.04
2021-05-10,Nuwara Eliya,20.49,56.13,45.68,1798.75,0,0.1
2020-08-16,Nuwara Eliya,48.66,70.68,43.56,1796.68,0,0.02
2018-05-30,Galle,26.93,32.95,15.15,48.32,0,0.14
2022-12-20,Gampaha,9.18,30.04,0.41,12.86,0,0.02
2021-06-14,Matara,57.06,274.99,17.99,47.62,0,0.02
2023-05-15,Colombo,4.45,5.63,4.1,13.28,0,0.13
2019-11-16,Galle,16.22,37.21,14.25,47.46,0,0.01
2021-09-16,Ratnapura,7.12,25.33,33.62,135.23,0,0.08
2022-11-17,Kegalle,6.68,13.28,40.12,196.42,0,0.08
2019-07-29,Matara,4.46,20.34,14.63,45.83,0,0.04
2019-06-04,Kandy,8.47,25.07,15.28,47.48,0,0.1
2021-04-18,Kandy,9.47,20.28,14.76,58.84,0,0.03
2018-06-14,Matale,33.1,53.48,15.2,54.33,0,0.02
2021-03-15,Kandy,3.29,15.62,15.63,56.05,0,0.15
2023-03-07,Kalutara,1.04,33.45,9.47,9.53,0,0.13
2021-09-20,Colombo,2.79,35.61,2.29,-0.64,0,0.08
2018-10-05,Gampaha,5.62,14.07,2.89,7.67,0,0.05
2018-06-12,Colombo,105.29,335.59,6.53,5.58,1,2.29
2018-07-13,Matara,5.63,40.08,17.29,51.05,0,0.12
2020-06-05,Kandy,36.24,79.52,13.1,46.62,0,0.02
2019-02-14,Matale,28.21,58.37,14.09,54.47,0,0.1
2021-09-01,Kalutara,36.59,71.21,8.69,12.38,0,0.03
2020-04-24,Matara,0.49,30.79,13.38,53.55,0,0.13
2018-12-29,Matale,16.28,32.88,13.31,56.25,0,0.07
2018-07-20,Gampaha,0.71,22.03,2.63,8.39,0,0.08
2021-12-02,Kalutara,84.03,451.14,14.01,8.73,1,2.81
2018-05-05,Galle,2.35,19.4,13.45,50.0,0,0.14
2018-11-28,Kalutara,2.78,37.67,12.88,11.33,0,0.14
2019-12-30,Ratnapura,21.76,59.58,35.75,135.51,0,0.01
2020-08-22,Nuwara Eliya,14.6,48.83,43.4,1798.12,0,0.14
2022-06-11,Galle,64.51,314.2,15.4,48.79,0,0.05
2022-12-24,Nuwara Eliya,8.87,9.56,42.3,1804.61,0,0.05
2019-04-21,Badulla,3.88,53.32,44.66,681.13,0,0.03
2018-03-13,Galle,0.68,49.52,12.74,49.69,0,0.06
2018-02-23,Gampaha,16.18,40.63,-0.93,8.03,0,0.13
2018-01-08,Badulla,27.46,56.09,44.7,676.18,0,0.04
2022-08-30,Nuwara Eliya,28.0,43.38,45.24,1799.14,0,0.07
2020-05-26,Kalutara,20.02,34.13,10.52,11.39,0,0.04
2021-01-05,Colombo,19.65,51.54,2.39,0.48,0,0.12
2020-03-16,Kegalle,2.33,33.01,43.94,199.9,0,0.13
2021-06-09,Matara,11.35,34.66,18.18,52.87,0,0.03
2022-08-17,Kalutara,192.15,309.22,7.95,19.04,1,3.57
2018-04-28,Kalutara,4.03,26.74,14.45,9.13,0,0.06
2022-01-01,Colombo,21.96,40.85,0.96,3.3,0,0.01
2022-01-30,Ratnapura,26.83,49.42,32.5,130.11,0,0.05
2021-01-21,Matara,15.29,38.06,18.03,57.41,0,0.06
2022-03-23,Kalutara,1.59,27.86,11.41,13.21,0,0.02
2020-03-30,Ratnapura,1.42,11.86,34.44,125.18,0,0.01
2022-03-17,Galle,6.88,47.03,16.99,51.27,0,0.08
2022-07-17,Matale,12.62,19.79,16.72,50.7,0,0.02
2021-04-25,Nuwara Eliya,3.07,28.2,45.98,1811.81,0,0.03
2021-07-25,Matale,5.43,21.58,12.22,44.94,0,0.15
2021-01-18,Kalutara,21.73,55.34,12.87,2.34,0,0.07
2021-06-06,Kalutara,174.43,444.5,8.91,20.76,1,1.91
2020-02-09,Nuwara Eliya,15.37,60.65,44.56,1798.68,0,0.13
2022-06-19,Gampaha,7.68,11.08,0.25,8.65,0,0.03
2019-01-18,Kalutara,0.37,43.68,7.13,7.45,0,0.02
2018-08-12,Badulla,5.11,35.33,44.21,689.68,0,0.11
2019-04-25,Matale,0.67,8.84,16.39,44.29,0,0.03
2018-12-14,Badulla,17.92,37.06,41.74,677.2,0,0.13
2018-12-06,Nuwara Eliya,130.45,307.88,47.11,1813.75,1,1.63
2018-11-23,Galle,0.37,42.48,19.21,52.98,0,0.04
2018-11-02,Colombo,3.55,37.76,-1.28,5.6,0,0.14
2022-04-03,Matale,0.03,32.12,13.42,50.51,0,0.06
2018-04-21,Colombo,3.27,8.19,1.28,4.68,0,0.14
2020-06-22,Kalutara,12.49,17.34,10.17,20.67,0,0.03
2019-01-02,Kegalle,16.11,19.75,41.02,209.68,0,0.04
2022-11-20,Galle,14.21,34.17,16.01,48.26,0,0.06
2020-06-05,Kalutara,10.17,31.17,13.0,12.33,0,0.09
2020-07-03,Matale,28.16,56.58,13.9,60.39,0,0.01
2019-06-24,Badulla,4.32,48.3,40.0,678.58,0,0.14
2023-04-29,Colombo,8.85,29.77,0.84,-0.87,0,0.05
2019-05-06,Kegalle,15.95,44.47,37.64,201.32,0,0.03
2023-03-22,Matara,0.35,16.88,14.63,41.65,0,0.11
2023-01-23,Kandy,16.74,29.81,16.37,57.33,0,0.06
2021-11-25,Colombo,4.3,16.43,0.89,0.13,0,0.01
2021-01-03,Kegalle,24.57,44.93,38.22,199.69,0,0.08
2019-12-03,Ratnapura,55.33,398.38,35.46,135.37,1,2.83
2019-06-12,Kalutara,4.99,14.92,12.29,19.13,0,0.04
2022-04-19,Colombo,4.45,8.53,6.25,11.66,0,0.01
2020-09-28,Gampaha,8.33,48.92,0.02,10.47,0,0.0
2018-07-10,Matara,182.86,548.71,17.14,53.02,0,0.07
2020-02-27,Kegalle,0.48,10.9,40.12,200.37,0,0.02
2018-03-08,Colombo,3.53,5.54,1.21,-1.81,0,0.08
2022-11-17,Matara,13.03,32.32,15.36,53.19,0,0.06
2018-07-16,Galle,9.96,19.08,14.66,49.14,0,0.14
2022-07-16,Galle,11.43,21.76,17.78,54.06,0,0.05
2018-11-21,Badulla,13.37,53.13,43.64,680.23,0,0.05
2022-04-20,Galle,187.01,557.98,15.81,45.44,1,1.57
2022-09-11,Matara,16.62,62.93,15.36,46.21,0,0.13
2022-03-26,Kegalle,0.82,17.23,40.87,198.8,0,0.01
2019-11-17,Matara,2.92,11.78,13.49,46.06,0,0.0
2020-08-04,Gampaha,6.72,50.28,3.5,7.16,0,0.04
2022-10-16,Matale,8.33,40.24,13.48,50.89,0,0.05
2022-03-23,Matale,8.09,36.98,16.08,54.89,0,0.05
2018-07-28,Badulla,30.57,37.67,40.47,668.01,0,0.05
2022-07-10,Galle,9.87,27.36,11.89,54.49,0,0.13
2018-09-04,Matara,49.78,98.66,16.93,57.25,0,0.09
2021-07-03,Nuwara Eliya,11.52,28.72,45.85,1800.2,0,0.08
2019-05-17,Galle,17.72,66.86,15.03,55.24,0,0.04
2021-05-17,Kandy,13.41,52.66,16.99,58.52,0,0.03
2022-12-13,Kegalle,15.31,52.92,38.01,209.14,0,0.08
2022-02-14,Kalutara,145.16,416.38,13.72,12.66,1,2.41
2021-12-20,Colombo,17.99,59.1,2.26,0.27,0,0.11
2018-09-08,Ratnapura,14.08,39.7,35.64,130.84,0,0.05
2022-09-03,Matale,2.93,52.65,17.91,54.04,0,0.03
2022-06-11,Kegalle,10.44,44.21,42.51,197.76,0,0.08
2021-01-07,Kegalle,112.39,508.46,39.58,207.52,1,4.07
2019-04-15,Gampaha,15.59,50.91,3.45,10.09,0,0.05
2022-11-22,Gampaha,3.29,3.32,4.33,7.24,0,0.05
2018-08-29,Ratnapura,8.61,27.45,35.47,123.37,0,0.13
2021-05-20,Badulla,76.66,265.95,40.56,678.44,1,2.33
2019-02-02,Galle,3.27,9.46,15.93,47.25,0,0.01
2023-01-01,Kegalle,19.67,67.44,40.97,197.66,0,0.04
2023-05-27,Matale,68.26,414.14,18.14,50.34,0,0.13
2023-05-18,Kandy,11.83,39.06,13.01,44.92,0,0.02
2019-10-21,Kegalle,5.6,42.57,38.98,195.51,0,0.1
2019-03-14,Kandy,1.99,49.53,17.63,47.79,0,0.03
2023-02-14,Matale,4.93,52.32,14.23,49.38,0,0.02
2022-05-10,Gampaha,10.49,20.09,5.63,7.17,0,0.02
2018-06-18,Colombo,1.79,17.47,4.36,7.4,0,0.1
2021-01-31,Gampaha,42.1,48.72,3.6,4.58,0,0.03
2021-04-29,Gampaha,7.07,45.03,4.44,10.54,0,0.11
2023-01-30,Matale,2.91,20.06,13.95,52.47,0,0.1
2022-12-19,Gampaha,23.53,42.87,2.27,9.24,0,0.01
2021-12-18,Matara,47.25,59.53,11.92,51.26,0,0.12
2020-04-15,Ratnapura,6.97,18.98,35.35,125.22,0,0.07
2020-07-13,Matara,22.87,67.38,13.14,55.35,0,0.02
2018-05-12,Kegalle,21.63,37.33,45.36,200.32,0,0.07
2020-09-14,Kandy,7.59,49.06,18.91,49.36,0,0.03
2020-03-20,Badulla,13.36,35.05,45.03,681.99,0,0.13
2021-10-10,Matara,13.08,32.83,17.79,53.55,0,0.01
2021-07-13,Kalutara,34.55,66.29,10.89,24.7,0,0.03
2021-06-10,Matale,154.62,286.46,15.46,45.39,1,2.63
2023-04-30,Matale,2.85,29.63,17.45,52.27,0,0.09
2020-06-12,Kegalle,14.0,15.1,40.27,210.45,0,0.05
2021-05-13,Galle,33.5,80.44,12.99,48.44,0,0.07
2023-01-06,Kegalle,9.26,35.04,39.5,205.47,0,0.07
2021-10-11,Kalutara,1.7,30.9,8.87,20.13,0,0.03
2019-07-19,Matale,28.52,69.9,14.53,46.62,0,0.11
2022-09-13,Kandy,34.46,69.68,15.31,40.83,0,0.14
2020-06-11,Badulla,29.78,34.42,39.83,675.52,0,0.08
2019-06-06,Gampaha,41.73,44.59,3.26,9.12,0,0.03
2020-05-15,Gampaha,21.85,27.92,4.13,11.51,0,0.11
2020-02-13,Matara,0.63,21.02,14.69,39.7,0,0.04
2019-09-28,Kandy,7.44,26.72,16.63,52.97,0,0.08
2020-01-22,Kalutara,3.68,48.35,13.51,18.09,0,0.06
2020-06-23,Ratnapura,49.6,92.21,36.53,132.56,0,0.01
2021-11-14,Ratnapura,3.14,20.0,33.8,130.84,0,0.03
2018-02-26,Galle,1.95,43.82,9.59,46.85,0,0.04
2018-10-10,Gampaha,0.51,6.47,6.15,10.14,0,0.01
2018-06-29,Matara,46.45,67.53,14.84,47.1,0,0.01
2023-01-01,Badulla,10.1,15.43,45.37,689.22,0,0.06
2020-06-24,Galle,8.39,31.18,18.2,54.01,0,0.07
2021-07-26,Matale,64.64,310.33,13.07,44.23,0,0.14
2018-01-05,Gampaha,10.51,38.47,-0.23,11.5,0,0.08
2022-05-31,Kegalle,2.08,48.71,42.74,191.84,0,0.09
2018-01-16,Galle,13.04,45.47,17.92,52.24,0,0.13
2020-04-24,Colombo,1.8,39.82,1.21,1.16,0,0.1
2018-09-12,Nuwara Eliya,6.4,8.41,44.67,1808.1,0,0.05
2019-05-11,Ratnapura,36.64,64.91,34.42,128.19,0,0.0
2021-12-03,Gampaha,2.27,47.93,3.16,10.33,0,0.06
2021-08-28,Badulla,69.59,269.24,39.8,687.1,1,3.86
2021-05-08,Kandy,1.65,15.79,16.3,54.06,0,0.05
2018-01-04,Kegalle,12.99,44.43,39.73,198.14,0,0.1
2021-08-25,Kegalle,26.5,56.16,40.59,208.33,0,0.07
2021-07-02,Kegalle,1.51,25.22,38.32,203.75,0,0.03
2022-10-20,Ratnapura,7.0,14.59,33.78,129.31,0,0.09
2018-10-21,Galle,4.23,4.6,18.39,46.6,0,0.1
2018-09-04,Matara,48.59,66.58,15.3,40.19,0,0.08
2022-01-24,Matale,12.2,47.05,11.96,36.85,0,0.01
2020-10-13,Kegalle,6.38,50.27,38.47,199.83,0,0.03
2023-02-22,Kalutara,89.25,276.51,10.7,15.42,1,2.38
2018-11-29,Badulla,1.11,40.11,40.1,676.98,0,0.07
2020-10-27,Colombo,22.5,71.9,1.03,0.17,0,0.07
2023-06-20,Galle,30.92,33.43,14.8,54.88,0,0.01
2019-08-27,Ratnapura,178.45,318.78,33.31,127.08,1,2.98
2022-01-08,Matara,214.44,582.43,14.17,49.68,1,2.23
2023-05-23,Nuwara Eliya,54.6,255.35,40.23,1797.52,1,3.54
2018-05-07,Matara,7.62,23.84,16.95,50.59,0,0.14
2018-01-19,Ratnapura,4.2,29.72,33.41,130.75,0,0.04
2021-12-30,Kegalle,21.15,21.46,39.68,202.15,0,0.12
2018-07-30,Matara,0.36,22.85,15.09,52.79,0,0.1
2022-04-02,Kandy,4.16,53.04,18.98,61.4,0,0.13
2018-07-23,Nuwara Eliya,19.62,45.38,42.25,1802.6,0,0.15
2020-02-19,Kegalle,4.67,22.02,42.57,196.95,0,0.06
2018-09-28,Matara,39.82,75.09,15.35,39.5,0,0.03
2018-04-19,Ratnapura,1.64,27.28,33.89,127.94,0,0.13
2023-05-06,Matale,51.49,286.53,16.94,56.52,0,0.14
2021-03-31,Galle,2.44,38.34,13.04,48.52,0,0.02
2021-04-17,Badulla,9.37,25.52,43.61,694.48,0,0.13
2018-07-13,Matale,3.18,8.5,13.91,46.19,0,0.12
2018-08-05,Ratnapura,0.17,25.87,35.16,130.84,0,0.12
2019-04-08,Gampaha,0.02,19.07,2.11,16.75,0,0.07
2022-08-25,Kalutara,8.15,42.51,12.66,14.97,0,0.12
2021-10-12,Kegalle,9.04,12.49,40.79,199.14,0,0.07
2019-10-19,Galle,0.75,14.31,16.08,48.24,0,0.11
2020-09-18,Gampaha,3.75,47.33,3.01,8.79,0,0.06
2018-11-20,Colombo,3.55,25.17,4.17,0.08,0,0.01
2020-03-24,Matale,2.12,51.76,12.81,52.49,0,0.12
2018-03-07,Nuwara Eliya,4.7,47.81,45.45,1799.01,0,0.12
2019-01-31,Matara,15.31,36.87,17.28,62.49,0,0.09
2022-04-20,Badulla,10.25,37.59,42.26,671.46,0,0.11
2022-05-22,Matara,8.79,15.02,14.9,47.78,0,0.1
2020-01-08,Kegalle,8.84,17.02,43.88,190.32,0,0.05
2020-01-20,Kalutara,24.75,26.69,13.21,13.5,0,0.07
2018-02-18,Nuwara Eliya,7.25,11.52,46.62,1796.91,0,0.13
2022-11-14,Gampaha,55.67,186.63,2.06,1.88,0,0.09
2022-06-22,Kegalle,2.82,46.22,35.26,210.21,0,0.12
2022-12-21,Matale,6.21,51.18,16.99,42.45,0,0.02
2019-03-29,Galle,6.79,49.7,15.93,34.77,0,0.03
2020-11-28,Nuwara Eliya,7.39,57.3,47.92,1799.09,0,0.01
2020-09-19,Kandy,0.55,34.59,11.52,44.74,0,0.13
2019-03-23,Badulla,11.68,41.1,38.69,681.32,0,0.03
2023-04-06,Kegalle,13.95,37.13,40.28,196.68,0,0.12
2021-12-09,Gampaha,67.02,441.18,1.61,2.35,1,4.42
2021-11-13,Gampaha,10.05,25.83,5.25,16.33,0,0.02
2018-05-03,Ratnapura,50.88,301.19,34.99,131.85,1,3.38
2018-12-24,Colombo,19.99,25.09,1.32,7.5,0,0.14
2023-06-06,Kandy,10.48,15.05,14.57,55.89,0,0.11
2022-12-26,Kalutara,5.09,34.48,11.01,12.51,0,0.13
2020-04-27,Kalutara,13.7,31.18,12.19,12.03,0,0.09
2018-08-04,Gampaha,45.57,79.91,-0.26,7.98,0,0.13
2020-12-01,Nuwara Eliya,9.13,40.11,46.97,1794.51,0,0.01
2021-12-20,Nuwara Eliya,23.05,61.89,42.41,1794.09,0,0.01
2021-01-10,Galle,17.19,32.19,16.15,55.12,0,0.0
2020-02-02,Ratnapura,37.24,68.31,36.26,126.83,0,0.01
2020-04-24,Ratnapura,2.34,31.03,36.33,126.18,0,0.05
2019-12-06,Gampaha,13.0,27.61,1.98,0.7,0,0.04
2020-09-28,Kegalle,61.71,430.46,36.83,202.06,1,1.59
2022-06-03,Kegalle,72.84,263.31,39.9,202.45,1,1.92
2021-02-09,Kalutara,18.08,23.44,13.67,5.81,0,0.06
2022-10-18,Matale,6.3,18.14,16.45,52.48,0,0.02
2022-01-27,Colombo,6.16,7.04,-0.54,1.85,0,0.02
2019-08-25,Kandy,3.79,20.88,15.85,36.13,0,0.03
2018-06-25,Matale,3.53,17.28,12.87,53.61,0,0.03
2021-02-20,Kandy,16.8,20.71,14.57,56.56,0,0.09
2019-05-21,Gampaha,76.35,363.59,4.38,9.6,1,2.4
2022-08-09,Colombo,9.48,43.51,1.1,-0.02,0,0.04
2020-01-24,Colombo,1.18,46.81,1.66,5.95,0,0.03
2018-04-22,Colombo,2.16,40.66,5.46,0.83,0,0.09
2022-05-24,Colombo,18.44,57.53,2.15,4.31,0,0.03
2018-09-10,Colombo,4.55,45.6,-0.35,14.1,0,0.04
2022-01-08,Kalutara,17.17,39.46,13.45,15.68,0,0.11
2020-02-07,Matara,25.35,43.43,14.08,44.6,0,0.08
2019-02-01,Badulla,14.14,43.91,44.69,679.46,0,0.13
2022-02-16,Kegalle,4.19,5.63,40.67,198.97,0,0.1
2022-09-13,Matale,4.74,48.84,10.97,46.72,0,0.14
2021-02-12,Nuwara Eliya,179.5,563.14,46.88,1806.21,1,3.6
2018-01-27,Badulla,13.73,35.87,41.52,680.04,0,0.11
2019-01-02,Galle,10.84,14.3,12.69,47.9,0,0.09
2018-05-13,Kalutara,30.19,75.78,10.69,15.3,0,0.11
2020-07-17,Gampaha,8.6,53.82,0.87,9.16,0,0.0
2019-10-20,Matale,0.68,13.2,16.59,57.33,0,0.12
2021-06-23,Kalutara,25.34,48.17,13.49,14.89,0,0.02
2019-08-24,Kandy,6.23,26.54,17.96,48.58,0,0.14
2020-12-10,Gampaha,2.2,35.52,4.12,-3.11,0,0.04
2019-05-12,Badulla,7.04,45.88,42.96,674.72,0,0.1
2022-05-18,Kegalle,0.62,11.66,40.04,195.27,0,0.08
2018-05-19,Galle,25.21,35.55,15.89,51.94,0,0.14
2022-10-10,Gampaha,2.85,52.75,3.62,6.96,0,0.13
2021-06-09,Gampaha,57.32,197.53,3.62,5.57,0,0.02
2018-10-10,Gampaha,0.3,33.92,3.13,4.31,0,0.1
2019-05-21,Nuwara Eliya,6.12,54.53,46.21,1797.26,0,0.02
2021-01-13,Matale,11.83,25.51,15.55,43.56,0,0.06
2018-04-25,Matale,8.77,9.44,16.45,50.56,0,0.08
2020-05-10,Nuwara Eliya,28.83,67.09,43.42,1799.99,0,0.07
2021-09-08,Ratnapura,5.99,10.18,37.26,130.57,0,0.1
2022-06-18,Kandy,0.8,31.91,11.86,52.85,0,0.14
2018-03-10,Matara,5.89,46.64,16.25,52.01,0,0.04
2019-12-18,Gampaha,51.94,367.94,2.53,7.97,0,0.02
2022-06-01,Matale,2.54,18.54,15.58,52.97,0,0.11
2020-09-04,Ratnapura,1.14,23.7,32.38,120.85,0,0.02
2022-04-14,Galle,0.66,24.38,15.51,55.53,0,0.05
2018-07-05,Nuwara Eliya,10.42,27.36,47.67,1801.9,0,0.01
2022-02-20,Kegalle,32.37,77.79,41.36,200.69,0,0.09
2019-06-30,Nuwara Eliya,37.09,76.01,45.77,1800.23,0,0.03
2018-08-10,Ratnapura,19.64,37.47,34.9,129.32,0,0.07
2022-09-10,Matale,6.98,44.95,12.21,46.46,0,0.03
2022-06-16,Kandy,37.39,65.57,14.89,48.32,0,0.03
2018-08-14,Gampaha,5.07,26.51,4.11,14.81,0,0.03
2022-12-26,Gampaha,6.68,12.86,3.29,1.3,0,0.09
2023-02-26,Colombo,3.4,28.08,1.79,4.8,0,0.07
2023-02-07,Nuwara Eliya,5.64,24.81,45.43,1808.74,0,0.13
2019-03-09,Galle,1.31,20.11,11.18,50.46,0,0.11
2022-07-08,Matale,67.65,408.2,14.6,45.59,0,0.07
2022-03-08,Kegalle,5.74,37.0,38.88,202.4,0,0.14
2022-09-23,Badulla,3.66,11.4,43.74,684.74,0,0.05
2020-03-28,Galle,5.37,54.7,12.27,46.45,0,0.01
2023-06-01,Kegalle,1.4,27.0,40.29,197.39,0,0.08
2018-03-08,Nuwara Eliya,10.27,35.23,41.31,1803.93,0,0.02
2019-10-16,Ratnapura,0.78,10.73,34.56,128.13,0,0.15
2020-09-01,Matale,63.34,449.86,13.09,51.85,0,0.09
2019-12-12,Galle,7.62,53.95,15.11,54.86,0,0.07
2021-05-14,Kegalle,54.9,227.96,41.32,205.23,0,0.14
2020-09-19,Ratnapura,198.91,407.39,35.3,121.29,1,2.74
2023-05-13,Galle,3.23,42.27,15.54,45.88,0,0.06
2020-10-27,Kalutara,1.53,43.69,12.23,19.28,0,0.1
2023-04-15,Matara,11.32,19.65,18.33,51.53,0,0.12
2023-03-23,Colombo,143.33,408.29,-0.58,4.28,1,2.98
2018-08-01,Matale,3.21,11.04,14.08,52.72,0,0.15
2022-01-22,Kegalle,70.7,370.03,41.44,198.56,1,2.92
2022-10-04,Kegalle,15.15,55.34,42.8,207.98,0,0.08
2018-09-14,Matale,3.82,30.59,12.99,39.49,0,0.01
2018-05-17,Matara,27.87,46.46,12.85,55.18,0,0.0
2022-09-08,Matara,4.47,29.66,15.1,49.13,0,0.0
2022-04-19,Ratnapura,10.43,27.54,34.92,135.01,0,0.03
2021-05-13,Kandy,28.88,46.88,13.88,48.75,0,0.01
2018-08-27,Matara,1.35,37.21,13.25,37.98,0,0.08
2022-04-24,Kandy,1.47,24.51,16.62,45.76,0,0.04
2020-10-12,Badulla,13.92,17.58,44.69,686.47,0,0.04
2020-04-22,Matara,0.06,1.94,18.2,53.67,0,0.09
2020-05-23,Gampaha,72.52,191.99,-1.21,20.21,1,2.36
2019-10-19,Kegalle,6.98,15.19,35.06,191.62,0,0.08
2021-07-23,Gampaha,68.54,231.34,0.53,16.27,1,0.66
2018-03-26,Kandy,0.23,23.21,16.43,61.97,0,0.09
2022-05-22,Galle,2.31,39.81,16.0,41.54,0,0.1
2020-03-20,Matale,15.56,59.68,13.67,40.47,0,0.03
2018-01-20,Ratnapura,0.6,15.56,35.6,140.51,0,0.11
2023-05-05,Galle,13.83,59.6,12.46,47.81,0,0.11
2018-08-12,Kalutara,1.5,23.3,11.96,16.45,0,0.02
2018-07-29,Matara,4.99,17.6,14.92,57.51,0,0.07
2022-03-05,Kalutara,0.98,27.45,15.48,25.27,0,0.04
2021-04-30,Matara,27.74,30.92,16.91,61.62,0,0.08
2020-11-23,Kegalle,1.7,21.98,41.25,198.61,0,0.01
2021-12-12,Ratnapura,74.3,417.74,36.78,124.39,1,1.41
2021-02-05,Matale,43.42,91.86,16.41,55.95,0,0.11
2021-08-06,Nuwara Eliya,18.78,48.4,42.94,1800.23,0,0.07
2019-05-14,Badulla,45.31,59.16,41.88,671.23,0,0.01
2020-04-18,Galle,0.21,39.23,14.35,45.31,0,0.03
2018-08-13,Galle,2.21,40.79,14.45,49.93,0,0.14
2022-04-08,Badulla,12.22,52.17,41.33,680.69,0,0.08
2021-02-25,Kegalle,33.41,57.0,40.37,192.75,0,0.14
2021-12-17,Kandy,46.07,91.15,14.15,55.29,0,0.14
2019-07-27,Gampaha,27.66,50.66,2.75,8.94,0,0.09
2022-09-18,Kalutara,2.25,27.39,11.92,6.23,0,0.02
2018-04-02,Matale,183.15,497.05,15.55,39.63,1,1.97
2022-01-02,Nuwara Eliya,21.51,39.32,43.02,1797.23,0,0.1
2019-12-18,Kalutara,128.5,492.87,9.4,5.73,1,0.81
2021-03-13,Matara,6.73,53.83,13.43,43.03,0,0.11
2022-07-18,Gampaha,15.91,25.46,1.16,18.66,0,0.12
2021-11-08,Matara,5.28,50.73,16.82,57.63,0,0.0
2022-09-04,Matale,22.68,63.04,17.0,62.19,0,0.08
2018-07-21,Gampaha,68.95,429.81,3.21,4.61,1,3.56
2020-01-19,Kandy,11.6,47.87,13.31,53.21,0,0.02
2018-09-10,Kalutara,42.64,83.03,17.87,9.63,0,0.1
2021-04-08,Kegalle,1.19,27.43,38.53,208.34,0,0.1
2022-08-15,Colombo,2.23,40.05,2.36,9.19,0,0.12
2019-02-19,Kalutara,13.22,58.03,11.4,17.55,0,0.1
2022-05-05,Kegalle,6.84,19.4,38.07,197.31,0,0.05
2020-03-20,Kandy,4.67,41.99,16.22,41.37,0,0.13
2018-03-29,Nuwara Eliya,1.32,18.6,47.38,1795.91,0,0.12
2022-01-16,Matale,7.3,33.68,15.72,54.84,0,0.1
2022-03-01,Matale,146.74,352.26,14.18,53.92,0,0.08
2021-03-07,Matale,2.67,26.78,14.27,56.55,0,0.11
2019-01-20,Matara,109.47,277.63,11.89,57.28,0,0.06
2018-04-20,Ratnapura,2.24,19.21,33.7,134.16,0,0.07
2018-05-30,Kegalle,13.41,35.3,40.57,201.29,0,0.03
2019-03-29,Ratnapura,0.14,43.03,37.8,131.83,0,0.07
2019-12-01,Kegalle,4.21,39.65,39.94,199.12,0,0.03
2020-02-04,Matale,36.12,68.09,12.75,49.09,0,0.13
2019-01-29,Ratnapura,34.42,70.66,34.66,134.97,0,0.02
2018-11-16,Colombo,26.35,35.23,-0.42,6.62,0,0.14
2020-10-29,Ratnapura,0.53,27.73,38.24,137.8,0,0.08
2018-06-13,Nuwara Eliya,8.47,48.8,42.08,1803.43,0,0.01
2019-12-17,Badulla,15.1,17.84,44.0,675.51,0,0.05
2023-01-05,Kandy,32.66,79.6,11.0,50.17,0,0.12
2023-05-22,Ratnapura,9.04,24.89,37.55,130.99,0,0.07
2022-11-12,Galle,5.99,11.51,13.74,48.54,0,0.03
2018-04-09,Matale,25.34,53.59,16.16,52.62,0,0.03
2019-12-11,Ratnapura,17.77,44.54,37.1,132.85,0,0.14
2021-11-11,Colombo,21.52,58.91,3.07,7.76,0,0.04
2018-12-16,Kegalle,81.88,437.77,37.87,200.25,1,2.67
2020-07-28,Matara,12.37,45.89,14.64,52.89,0,0.04
2023-04-24,Kandy,10.94,27.49,18.19,53.32,0,0.13
2020-01-29,Nuwara Eliya,48.29,67.59,39.92,1800.96,0,0.1
2021-04-17,Ratnapura,10.64,42.1,35.04,125.09,0,0.06
2019-07-22,Kalutara,6.66,42.42,12.41,16.2,0,0.05
2022-09-26,Colombo,2.16,19.18,2.01,7.96,0,0.13
2018-10-24,Kegalle,110.72,233.26,39.88,193.32,0,0.08
2019-01-17,Gampaha,17.87,59.61,7.24,8.86,0,0.11
2023-05-23,Kalutara,16.42,59.37,12.27,22.04,0,0.09
2018-01-03,Badulla,8.01,26.87,40.65,686.25,0,0.14
2023-06-19,Kandy,35.17,61.73,12.53,57.62,0,0.01
2018-04-04,Matale,7.65,27.8,15.64,42.97,0,0.1
2018-03-18,Gampaha,4.46,51.84,1.74,8.61,0,0.07
2022-01-05,Kandy,9.12,36.0,17.75,46.87,0,0.0
2021-03-12,Ratnapura,2.08,3.08,33.94,131.93,0,0.11
2021-06-01,Matale,42.79,69.82,14.63,49.9,0,0.1
2018-03-04,Matale,27.78,71.32,10.97,50.5,0,0.06
2022-12-20,Ratnapura,2.98,31.83,34.46,135.55,0,0.1
2018-09-06,Kalutara,11.91,18.53,10.33,12.39,0,0.1
2019-10-24,Nuwara Eliya,3.15,47.02,43.24,1806.62,0,0.01
2022-03-24,Kalutara,0.7,29.68,10.43,11.08,0,0.1
2019-08-02,Gampaha,0.99,42.55,5.39,2.41,0,0.12
2018-02-26,Matara,0.01,10.42,16.23,38.73,0,0.04
2018-05-02,Colombo,17.54,29.61,0.29,1.94,0,0.01
2023-01-17,Nuwara Eliya,9.27,44.29,46.5,1795.75,0,0.06
2022-10-09,Matale,180.9,358.72,16.45,57.22,0,0.1
2021-10-20,Matale,4.76,37.94,13.98,53.65,0,0.12
2022-12-22,Matale,67.45,386.3,13.05,52.03,0,0.0
2021-07-04,Ratnapura,18.73,42.92,37.11,129.82,0,0.07
2019-03-10,Ratnapura,4.14,4.9,39.35,121.28,0,0.04
2019-04-09,Matara,3.93,50.15,11.03,46.94,0,0.08
2021-09-13,Galle,17.51,46.21,13.66,50.97,0,0.1
2023-03-20,Gampaha,11.59,35.8,1.32,16.08,0,0.1
2019-10-26,Matara,0.31,24.41,11.38,51.01,0,0.11
2019-07-31,Ratnapura,9.65,42.36,34.84,129.07,0,0.04
2022-05-25,Matara,27.27,75.75,14.71,40.13,0,0.11
2019-07-03,Galle,4.31,19.86,15.63,46.7,0,0.05
2022-11-02,Gampaha,11.86,51.07,1.68,11.71,0,0.09
2018-08-06,Ratnapura,9.81,23.94,34.66,128.37,0,0.07
2020-04-17,Galle,5.1,7.42,16.34,55.89,0,0.09
2022-12-12,Matara,2.01,34.79,15.03,54.95,0,0.04
2020-09-07,Kalutara,17.76,54.31,12.65,21.2,0,0.04
2019-04-13,Kegalle,7.55,14.16,34.21,199.9,0,0.11
2021-04-24,Matara,3.53,51.62,17.19,47.27,0,0.1
2018-03-23,Nuwara Eliya,4.22,42.78,41.83,1800.04,0,0.03
2020-09-17,Badulla,17.43,45.42,38.54,686.67,0,0.07
2022-09-14,Ratnapura,19.51,57.82,35.9,127.67,0,0.14
2021-02-11,Badulla,18.27,64.97,40.1,678.29,0,0.03
2020-06-05,Galle,71.86,433.51,14.09,57.46,0,0.01
2018-01-06,Kalutara,2.84,3.41,11.46,15.96,0,0.08
2022-06-03,Matale,7.37,34.68,16.0,50.22,0,0.09
2022-03-08,Kegalle,11.57,55.95,38.48,200.55,0,0.06
2022-11-20,Badulla,11.21,50.19,40.26,682.53,0,0.0
2021-10-11,Kegalle,0.46,27.23,41.8,202.7,0,0.03
2019-05-31,Colombo,58.57,324.27,1.56,6.92,0,0.01
2019-09-15,Gampaha,7.4,40.9,2.13,18.61,0,0.0
2019-07-22,Kalutara,56.5,193.48,8.02,5.48,0,0.02
2020-07-26,Gampaha,2.48,32.78,2.24,13.58,0,0.09
2019-02-14,Matale,43.55,89.93,15.15,55.17,0,0.14
2018-02-25,Ratnapura,19.82,51.96,35.58,129.5,0,0.09
2022-07-25,Ratnapura,84.7,373.83,32.42,136.54,1,2.31
2022-05-16,Ratnapura,7.42,31.42,33.93,131.06,0,0.06
2021-08-09,Gampaha,11.26,60.73,-0.81,11.29,0,0.01
2022-06-18,Kegalle,7.06,31.18,41.25,199.6,0,0.11
2022-06-18,Badulla,33.5,62.17,40.85,676.92,0,0.03
2020-09-27,Matale,10.86,13.35,15.06,53.49,0,0.04
2022-11-18,Colombo,4.04,28.5,3.36,5.26,0,0.08
2020-07-14,Badulla,30.66,47.13,38.75,667.47,0,0.01
2019-10-06,Kandy,33.56,43.42,16.02,46.75,0,0.13
2019-05-19,Ratnapura,5.41,13.12,32.72,138.02,0,0.13
2019-04-04,Matale,0.84,6.89,17.21,57.21,0,0.01
2018-07-14,Nuwara Eliya,28.79,67.69,46.64,1794.42,0,0.13
2020-02-09,Kegalle,191.17,507.71,37.06,204.03,1,1.5
2019-11-19,Kandy,2.3,36.83,15.63,53.33,0,0.09
2023-03-25,Kandy,5.48,9.04,15.81,63.11,0,0.01
2023-06-11,Galle,9.09,52.29,15.49,38.95,0,0.04
2022-07-07,Gampaha,5.21,12.63,0.98,20.48,0,0.08
2019-08-14,Ratnapura,6.09,27.67,35.68,133.23,0,0.12
2019-05-28,Badulla,0.14,45.73,44.28,680.32,0,0.12
2018-08-29,Kegalle,30.77,43.57,37.28,206.14,0,0.1
2021-04-09,Kandy,9.04,13.74,14.8,54.83,0,0.04
2019-03-27,Ratnapura,44.79,75.34,34.85,130.98,0,0.01
2018-02-13,Ratnapura,26.3,43.01,37.2,128.1,0,0.12
2022-09-30,Colombo,48.08,75.29,5.39,8.52,0,0.0
2022-09-19,Kegalle,2.11,14.59,40.05,199.74,0,0.13
2018-09-05,Kandy,7.93,38.11,13.21,52.62,0,0.08
2021-02-10,Matara,88.96,426.68,15.34,37.16,1,1.4
2020-06-15,Nuwara Eliya,20.61,31.83,46.02,1798.36,0,0.07
2021-06-25,Gampaha,8.4,47.74,5.36,12.02,0,0.01
2021-02-12,Gampaha,32.61,63.24,8.78,11.39,0,0.09
2019-02-12,Colombo,2.21,13.44,-0.64,8.86,0,0.08
2019-02-20,Kandy,12.97,22.56,13.8,55.83,0,0.01
2022-11-09,Nuwara Eliya,9.74,30.18,46.41,1797.36,0,0.1
2018-09-21,Ratnapura,5.23,31.66,33.37,140.53,0,0.12
2022-02-04,Badulla,8.66,25.76,39.11,686.29,0,0.12
2022-05-12,Kalutara,75.6,387.62,11.11,16.28,1,1.69
2018-11-16,Nuwara Eliya,19.88,53.47,48.31,1803.12,0,0.06
2021-07-12,Colombo,28.11,64.64,2.19,-0.18,0,0.08
2022-03-17,Kalutara,3.75,40.49,12.22,15.69,0,0.05
2021-09-23,Kegalle,9.65,19.04,41.73,200.86,0,0.09
2020-11-27,Colombo,1.58,21.44,0.67,-0.14,0,0.04
2020-03-30,Ratnapura,0.77,18.14,36.15,124.96,0,0.1
2022-01-03,Colombo,34.72,64.89,3.81,4.33,0,0.05
2018-03-08,Kandy,3.16,5.98,14.36,50.58,0,0.0
2019-04-18,Colombo,1.44,27.17,-1.27,2.88,0,0.03
2021-05-09,Nuwara Eliya,3.99,44.6,43.57,1800.77,0,0.11
2022-01-28,Nuwara Eliya,4.25,40.56,45.65,1797.13,0,0.13
2018-03-10,Ratnapura,0.26,42.04,37.27,123.93,0,0.06
2018-11-29,Matara,6.9,55.13,18.53,63.93,0,0.01
2020-09-09,Matara,23.86,28.54,15.1,53.61,0,0.12
2021-09-16,Matale,45.48,89.53,12.75,44.53,0,0.04
2018-10-19,Matale,4.28,21.48,15.37,52.26,0,0.04
2019-11-04,Kandy,3.51,5.06,16.48,56.4,0,0.08
2020-06-18,Badulla,8.19,10.96,40.64,670.61,0,0.02
2020-12-29,Gampaha,1.41,10.28,3.75,5.22,0,0.02
2023-03-19,Kegalle,6.25,13.31,41.41,199.39,0,0.0
2023-02-25,Kegalle,61.52,361.1,40.47,196.41,1,1.5
2019-09-16,Kandy,114.48,347.91,15.55,48.35,1,0.69
2021-04-27,Kegalle,17.61,45.86,42.63,198.87,0,0.1
2018-12-11,Kegalle,23.79,43.36,39.77,200.74,0,0.11
2022-05-12,Galle,11.87,47.82,12.12,54.13,0,0.08
2019-06-25,Kalutara,144.27,485.27,10.4,9.26,1,4.09
2021-03-10,Gampaha,211.38,458.15,2.03,9.77,1,1.87
2021-01-14,Kandy,6.19,38.8,17.66,61.05,0,0.11
2020-01-09,Kalutara,5.16,45.2,12.86,19.23,0,0.07
2020-01-16,Kandy,48.2,49.25,15.63,47.17,0,0.03
2023-03-22,Kegalle,5.8,52.83,37.04,198.12,0,0.14
2021-02-04,Kegalle,32.51,75.35,37.37,191.14,0,0.14
2018-11-13,Colombo,1.07,2.86,-0.95,-3.39,0,0.08
2021-04-13,Ratnapura,4.24,40.74,34.79,136.19,0,0.02
2023-05-30,Badulla,45.28,52.04,39.44,683.73,0,0.09
2022-09-15,Matara,1.42,1.88,14.4,48.21,0,0.09
2019-10-08,Gampaha,2.83,41.65,3.58,9.79,0,0.11
2021-08-12,Badulla,0.39,11.6,43.94,681.44,0,0.06
2020-06-20,Kalutara,17.97,42.67,11.23,16.17,0,0.11
2021-05-15,Matale,21.17,34.93,14.94,53.4,0,0.01
2021-04-11,Kalutara,32.45,53.22,13.92,14.79,0,0.06
2019-09-01,Badulla,16.28,31.76,43.4,683.81,0,0.04
2019-05-18,Galle,14.15,44.6,17.41,54.38,0,0.12
2019-06-22,Galle,2.86,51.46,19.36,47.94,0,0.01
2023-03-26,Badulla,0.89,5.65,44.06,672.82,0,0.01
2018-12-22,Kandy,3.0,52.91,14.87,47.36,0,0.13
2021-07-27,Galle,5.88,51.1,18.92,54.19,0,0.15
2018-06-21,Gampaha,75.0,355.9,2.68,11.54,1,0.73
2019-10-05,Kalutara,14.25,16.18,16.07,16.79,0,0.13
2022-10-23,Matara,7.3,21.04,14.82,44.59,0,0.0
2019-02-14,Badulla,59.07,205.2,39.92,682.11,0,0.14
2022-03-05,Colombo,1.79,36.2,3.84,10.09,0,0.03
2019-04-13,Gampaha,2.83,9.68,4.84,7.6,0,0.1
2019-10-23,Matale,2.55,25.32,13.55,48.25,0,0.14
2018-07-31,Colombo,2.52,30.94,3.92,10.64,0,0.05
2020-03-26,Nuwara Eliya,0.32,22.73,46.72,1794.6,0,0.1
2019-11-06,Kalutara,13.01,49.15,8.77,11.02,0,0.03
2020-03-01,Badulla,4.85,15.53,43.9,671.28,0,0.0
2018-05-05,Matara,39.48,82.03,11.88,57.09,0,0.12
2020-05-05,Kalutara,97.47,209.76,12.28,14.77,1,3.32
2019-05-23,Ratnapura,0.79,7.72,35.6,127.12,0,0.02
2020-11-14,Colombo,12.93,29.75,2.06,5.38,0,0.04
2018-03-27,Galle,23.75,72.04,12.29,53.67,0,0.0
2022-01-06,Galle,21.14,41.88,13.8,40.18,0,0.11
2022-07-19,Galle,32.77,79.32,15.88,41.32,0,0.14
2022-03-11,Ratnapura,17.88,44.4,36.46,134.23,0,0.06
2021-09-11,Gampaha,11.65,39.7,1.51,6.14,0,0.02
2018-12-10,Badulla,42.35,61.79,46.12,672.81,0,0.01
2020-04-15,Galle,1.76,36.0,14.84,52.55,0,0.02
2020-08-07,Matale,10.05,25.69,14.97,48.1,0,0.12
2023-01-20,Colombo,2.85,44.8,1.92,4.43,0,0.0
2021-10-09,Colombo,5.16,11.84,5.52,14.66,0,0.05
2018-09-10,Colombo,52.06,272.89,0.35,13.24,0,0.01
2018-11-14,Ratnapura,2.92,21.21,33.72,131.73,0,0.04
2023-05-24,Nuwara Eliya,31.12,51.24,43.9,1802.55,0,0.12
2018-06-30,Badulla,16.39,34.55,41.57,674.92,0,0.01
2021-11-27,Badulla,2.2,47.69,39.75,682.82,0,0.15
2019-07-17,Matale,6.89,32.9,13.47,47.69,0,0.05
2021-09-01,Kalutara,5.81,21.64,8.73,9.8,0,0.1
2023-05-03,Matara,0.07,5.62,18.64,53.32,0,0.06
2021-10-01,Ratnapura,1.53,2.32,33.3,127.59,0,0.08
2019-02-05,Nuwara Eliya,96.17,474.79,45.64,1796.68,1,4.26
2019-06-30,Galle,4.61,53.38,13.46,43.88,0,0.11
2020-02-02,Kalutara,2.94,15.61,7.98,16.53,0,0.14
2022-01-09,Nuwara Eliya,32.77,66.99,47.37,1793.65,0,0.05
2018-10-20,Kandy,12.52,48.33,14.78,47.67,0,0.03
2021-12-14,Ratnapura,9.92,34.81,34.54,129.01,0,0.07
2019-10-14,Badulla,9.53,14.92,44.61,672.1,0,0.01
2019-12-15,Colombo,0.86,31.3,-0.02,7.24,0,0.03
2020-09-10,Colombo,3.41,37.03,3.08,7.82,0,0.13
2021-01-13,Gampaha,2.45,44.27,5.87,8.41,0,0.12
2023-04-01,Matara,0.16,25.85,13.05,53.31,0,0.04
2020-10-25,Ratnapura,3.3,28.72,33.94,127.54,0,0.07
2022-06-06,Gampaha,12.59,55.94,3.16,8.15,0,0.11
2022-02-24,Matale,31.09,64.72,16.11,39.84,0,0.11
2023-04-25,Nuwara Eliya,1.08,21.0,44.45,1793.72,0,0.04
2020-09-10,Matale,21.44,27.68,17.12,41.93,0,0.0
2019-12-31,Kandy,2.58,50.7,16.24,51.92,0,0.13
2022-05-29,Ratnapura,8.28,10.86,33.78,124.96,0,0.02
2022-09-24,Matara,15.1,53.28,14.27,47.48,0,0.07
2018-12-14,Ratnapura,4.25,24.09,33.24,131.35,0,0.11
2018-04-09,Kegalle,2.06,23.23,37.72,198.06,0,0.08
2020-12-04,Matara,7.46,56.23,16.83,52.11,0,0.05
2021-07-28,Badulla,8.06,26.41,38.27,685.09,0,0.05
2019-01-10,Gampaha,47.56,50.88,5.09,7.75,0,0.0
2022-09-19,Ratnapura,77.66,273.12,36.47,133.83,1,1.83
2020-07-25,Badulla,24.88,45.84,40.99,668.49,0,0.12
2019-11-11,Badulla,4.36,21.05,41.96,671.28,0,0.11
2022-10-14,Matale,4.31,38.76,16.19,44.32,0,0.08
2022-07-30,Ratnapura,3.05,25.13,36.32,135.42,0,0.14
2020-12-15,Colombo,5.7,39.98,2.9,3.03,0,0.11
2022-09-14,Galle,2.66,33.23,15.88,50.68,0,0.14
2018-11-07,Ratnapura,5.91,13.7,36.88,135.88,0,0.06
2020-03-23,Colombo,0.29,38.49,-1.5,1.16,0,0.0
2019-01-13,Nuwara Eliya,15.81,25.1,44.37,1801.34,0,0.15
2018-03-09,Matara,3.04,18.51,12.5,51.05,0,0.04
2020-08-27,Kalutara,0.01,45.81,12.95,11.49,0,0.04
2018-12-07,Badulla,29.12,41.73,44.62,684.68,0,0.14
2020-04-29,Badulla,4.82,12.65,44.38,679.27,0,0.06
2018-01-26,Gampaha,38.01,69.77,2.91,8.03,0,0.14
2022-11-16,Badulla,6.24,13.05,44.87,681.42,0,0.13
2019-08-19,Kegalle,28.04,60.99,40.45,204.92,0,0.06
2019-07-04,Nuwara Eliya,3.07,51.05,45.88,1801.92,0,0.05
2022-05-04,Kandy,8.5,41.71,11.05,54.33,0,0.06
2023-06-16,Kandy,8.66,33.05,17.06,53.24,0,0.05
2018-09-12,Colombo,4.8,18.84,1.85,8.01,0,0.15
2022-09-30,Matale,8.7,16.63,17.38,43.62,0,0.05
2019-09-04,Ratnapura,37.4,64.3,34.28,131.51,0,0.05
2021-12-06,Badulla,219.39,339.28,43.28,687.49,1,2.59
2020-12-24,Badulla,34.94,78.91,42.0,679.48,0,0.07
2023-04-26,Matale,16.8,62.35,16.46,43.5,0,0.15
2018-11-10,Badulla,0.16,14.02,44.4,680.04,0,0.13
2018-08-19,Matara,6.26,26.72,17.24,55.99,0,0.04
2019-09-11,Badulla,54.53,268.13,42.01,683.34,1,2.79
2018-05-12,Colombo,14.5,50.43,-2.7,13.36,0,0.03
2021-11-19,Badulla,0.95,24.9,42.0,682.86,0,0.13
2019-04-19,Gampaha,4.25,29.15,2.65,15.01,0,0.08
2019-06-06,Badulla,7.27,54.62,40.26,682.79,0,0.02
2022-03-20,Galle,9.9,17.09,13.27,47.88,0,0.0
2018-11-29,Matale,3.29,19.07,15.77,44.12,0,0.01
2018-04-11,Galle,8.59,9.19,14.4,43.49,0,0.08
2022-01-28,Gampaha,15.93,62.32,3.18,12.38,0,0.12
2020-10-20,Kalutara,5.62,30.78,10.42,10.64,0,0.01
2021-12-18,Kandy,27.28,71.73,13.76,54.49,0,0.13
2022-04-18,Kandy,10.38,51.99,17.31,55.26,0,0.09
2020-08-02,Nuwara Eliya,13.82,54.14,46.26,1794.28,0,0.08
2022-12-17,Matara,14.85,36.16,14.68,40.95,0,0.04
2020-03-13,Galle,10.6,41.47,13.11,46.14,0,0.11
2018-11-21,Badulla,11.02,49.89,42.36,681.87,0,0.12
2020-12-13,Gampaha,33.64,70.47,1.97,3.56,0,0.02
2018-06-07,Colombo,127.92,389.34,3.07,-2.46,1,4.13
2019-04-24,Galle,6.13,23.09,13.89,49.94,0,0.02
2019-11-17,Matara,13.37,21.55,13.67,56.07,0,0.07
2020-03-25,Matara,3.34,28.8,14.83,49.66,0,0.09
2021-07-03,Nuwara Eliya,4.29,28.93,37.61,1800.38,0,0.05
2019-09-07,Kegalle,8.28,34.38,43.19,201.64,0,0.02
2021-05-16,Galle,10.63,46.09,17.21,48.43,0,0.09
2021-12-14,Galle,2.19,8.55,11.32,54.49,0,0.01
2020-12-13,Kalutara,9.97,23.08,14.02,8.34,0,0.05
2018-11-28,Matara,23.0,48.15,15.19,59.03,0,0.09
2023-05-04,Kandy,48.04,91.86,15.19,47.03,0,0.0
2021-11-26,Kandy,4.62,50.63,15.39,52.69,0,0.07
2021-04-21,Ratnapura,1.06,4.29,34.63,139.77,0,0.09
2020-01-15,Galle,38.3,74.48,16.27,47.53,0,0.12
2020-04-19,Badulla,8.12,19.33,45.74,677.66,0,0.01
2022-02-19,Matale,39.43,47.91,12.66,51.02,0,0.12
2022-07-03,Gampaha,0.18,21.62,-1.16,13.36,0,0.06
2018-11-16,Nuwara Eliya,15.11,45.04,42.65,1798.11,0,0.08
2021-05-08,Ratnapura,37.91,68.25,36.43,128.83,0,0.09
2022-04-15,Matara,0.23,1.2,12.33,48.42,0,0.12
2023-02-16,Colombo,33.2,76.3,2.14,6.65,0,0.13
2018-01-25,Colombo,22.51,28.68,2.62,-0.64,0,0.15
2023-04-16,Nuwara Eliya,1.85,41.69,43.92,1801.56,0,0.01
2019-06-04,Matara,83.37,277.69,17.63,46.57,1,3.74
2021-04-11,Galle,34.79,48.7,16.15,47.49,0,0.06
2018-12-09,Matara,208.21,372.49,16.52,53.65,0,0.05
2019-05-17,Matale,20.34,49.94,14.46,49.86,0,0.11
2022-08-29,Kalutara,2.07,29.79,8.89,18.33,0,0.05
2021-01-05,Galle,35.65,58.43,12.23,46.28,0,0.09
2020-11-01,Badulla,1.82,25.65,38.98,682.67,0,0.04
2020-04-23,Kandy,10.33,41.83,15.11,54.33,0,0.05
2019-05-12,Colombo,21.66,40.01,1.87,18.61,0,0.01
2020-09-19,Ratnapura,2.74,4.68,34.56,129.36,0,0.1
2018-02-20,Badulla,9.12,28.21,41.91,685.44,0,0.08
2022-08-29,Galle,172.6,390.13,13.09,45.91,1,2.81
2019-10-24,Gampaha,4.32,28.81,-0.67,1.41,0,0.08
2019-04-21,Nuwara Eliya,14.65,29.28,43.64,1798.32,0,0.05
2023-03-03,Kalutara,6.96,47.55,9.97,20.24,0,0.11
2019-08-15,Matara,17.58,24.17,11.7,48.81,0,0.13
2022-02-07,Kandy,45.21,71.37,15.61,46.25,0,0.01
2021-10-08,Colombo,12.67,34.72,4.05,9.28,0,0.11
2019-01-12,Kalutara,1.84,36.95,9.62,24.94,0,0.08
2022-07-10,Colombo,39.26,75.06,4.37,-4.46,0,0.02
2019-05-29,Matara,6.3,53.46,15.63,48.21,0,0.08
2019-09-07,Badulla,20.67,52.86,42.24,677.8,0,0.08
2021-08-19,Kegalle,53.06,420.96,37.29,190.37,1,3.93
2021-10-23,Matale,2.3,36.78,15.78,50.84,0,0.1
2019-10-12,Ratnapura,12.61,59.55,34.76,137.19,0,0.08
2020-05-23,Kandy,17.74,59.45,12.77,59.26,0,0.12
2020-07-26,Kegalle,4.63,51.26,39.98,194.4,0,0.09
2023-01-15,Kandy,67.69,233.38,13.09,50.69,0,0.07
2020-12-01,Ratnapura,3.54,25.46,30.79,132.43,0,0.0
2020-12-21,Matale,19.74,66.48,17.74,58.24,0,0.0
2019-05-30,Ratnapura,5.0,27.97,34.09,127.88,0,0.15
2019-06-09,Kandy,20.22,44.27,14.77,56.35,0,0.03
2018-09-05,Nuwara Eliya,13.33,19.63,45.04,1793.96,0,0.13
2019-12-19,Badulla,30.17,48.94,39.71,678.38,0,0.04
2019-06-06,Colombo,9.57,21.92,4.51,13.53,0,0.12
2019-03-04,Gampaha,2.48,48.85,4.75,22.13,0,0.06
2022-05-25,Matale,3.27,25.97,14.65,58.57,0,0.11
2019-09-11,Matara,10.19,45.12,18.93,49.8,0,0.11
2019-02-09,Kegalle,7.82,49.45,37.32,198.88,0,0.06
2018-10-06,Badulla,36.47,49.21,40.59,686.36,0,0.12
2020-08-12,Badulla,36.24,64.57,40.0,677.37,0,0.14
2022-03-10,Kegalle,8.72,44.69,40.45,190.27,0,0.05
2022-05-03,Matara,43.62,90.36,15.07,54.89,0,0.13
2019-02-17,Nuwara Eliya,6.26,33.7,44.27,1806.08,0,0.08
2021-07-24,Kalutara,17.08,42.34,11.46,12.68,0,0.11
2018-04-06,Gampaha,4.05,21.43,5.09,9.91,0,0.11
2019-05-28,Colombo,16.98,64.36,2.42,9.13,0,0.05
2020-03-30,Kegalle,36.21,39.93,39.95,212.08,0,0.15
2018-04-25,Galle,18.95,25.84,12.67,42.45,0,0.06
2018-08-09,Kandy,10.53,54.74,18.33,53.85,0,0.07
2018-05-11,Gampaha,52.98,271.85,4.21,2.75,0,0.06
2022-01-22,Gampaha,8.76,34.42,4.26,7.33,0,0.09
2022-08-13,Matara,3.01,38.48,13.41,53.0,0,0.01
2020-12-19,Badulla,7.04,29.2,43.09,682.66,0,0.09
2018-02-11,Matara,13.17,28.07,16.63,44.71,0,0.0
2021-03-24,Colombo,6.12,51.75,-1.75,10.9,0,0.04
2022-08-01,Kegalle,164.59,482.69,41.27,200.35,1,2.64
2018-09-06,Matale,18.69,27.71,12.85,50.57,0,0.13
2019-12-04,Ratnapura,1.39,5.74,34.43,127.16,0,0.11
2020-11-09,Ratnapura,18.15,56.66,34.69,128.24,0,0.02
2022-07-28,Galle,21.87,69.32,15.18,53.94,0,0.12
2019-07-25,Kandy,44.1,53.55,14.54,55.84,0,0.11
2020-08-28,Kalutara,32.33,32.37,9.89,9.75,0,0.11
2020-05-27,Kalutara,11.95,14.18,11.5,13.1,0,0.15
2018-06-03,Kegalle,14.88,22.2,37.64,194.24,0,0.03
2023-06-03,Gampaha,27.2,61.39,4.9,8.47,0,0.0
2020-08-18,Nuwara Eliya,77.33,450.11,47.73,1799.72,1,3.15
2022-04-08,Kalutara,1.48,31.17,10.78,16.81,0,0.1
2018-09-20,Badulla,29.18,37.19,41.59,676.6,0,0.0
2023-01-14,Badulla,8.78,17.24,46.54,680.27,0,0.12
2022-11-25,Kandy,0.62,31.4,12.27,51.97,0,0.01
2019-07-20,Ratnapura,2.32,16.73,33.67,118.79,0,0.02
2022-12-28,Matale,29.95,39.4,13.4,50.31,0,0.07
2021-08-20,Kegalle,9.73,56.68,35.24,203.35,0,0.1
2020-12-12,Gampaha,2.48,49.93,4.96,9.51,0,0.01
2021-07-01,Nuwara Eliya,13.55,45.26,47.03,1797.98,0,0.12
2018-10-31,Badulla,1.39,21.09,43.89,676.54,0,0.06
2019-04-19,Gampaha,2.97,15.39,0.99,16.32,0,0.1
2022-01-31,Gampaha,44.71,79.25,4.48,18.4,0,0.08
2023-06-05,Matale,55.41,402.83,17.31,42.37,0,0.06
2022-03-27,Galle,10.12,12.67,11.93,44.36,0,0.03
2022-06-09,Kalutara,1.77,24.52,11.48,9.3,0,0.12
2021-02-06,Gampaha,32.44,40.11,0.02,8.54,0,0.14
2019-10-23,Gampaha,0.15,8.7,1.88,2.86,0,0.01
2020-12-20,Colombo,17.01,53.87,3.29,7.81,0,0.1
2018-12-10,Kandy,32.03,54.14,15.79,50.85,0,0.01
2022-09-08,Colombo,10.02,53.63,0.65,12.17,0,0.01
2018-06-22,Matara,2.79,17.1,15.97,45.75,0,0.03
2021-07-06,Kalutara,0.55,25.6,11.91,13.3,0,0.05
2019-11-15,Galle,12.2,41.69,18.01,44.6,0,0.03
2020-03-01,Ratnapura,2.04,30.17,34.01,126.67,0,0.14
2020-02-03,Galle,20.54,33.67,17.2,52.46,0,0.01
2019-05-12,Gampaha,15.19,34.59,4.93,13.52,0,0.02
2018-01-21,Nuwara Eliya,1.78,18.23,46.21,1800.54,0,0.08
2018-12-03,Nuwara Eliya,20.18,34.46,46.89,1797.24,0,0.04
2023-04-07,Ratnapura,15.0,42.6,30.89,124.1,0,0.03
2022-08-27,Badulla,37.94,73.72,44.74,680.71,0,0.12
2020-10-17,Kalutara,1.21,33.6,12.0,20.61,0,0.06
2019-11-29,Kegalle,2.54,38.46,37.0,199.97,0,0.12
2018-10-12,Gampaha,1.19,42.24,4.99,14.51,0,0.03
2020-02-13,Nuwara Eliya,15.86,53.17,45.82,1797.02,0,0.09
2018-08-03,Matale,29.12,44.46,12.74,54.44,0,0.01
2021-05-07,Kandy,37.81,87.07,12.32,56.23,0,0.04
2020-04-09,Ratnapura,194.99,492.11,35.39,126.99,1,3.98
2018-11-27,Matale,5.18,18.75,13.36,54.49,0,0.03
2019-09-24,Badulla,7.42,27.93,44.56,694.87,0,0.02
2023-05-11,Colombo,19.54,24.0,2.75,5.83,0,0.03
2020-03-10,Ratnapura,2.46,31.12,34.31,130.06,0,0.14
2022-11-20,Kandy,12.29,18.83,16.42,49.3,0,0.1
2018-07-15,Colombo,24.53,51.21,3.36,9.13,0,0.02
2021-03-11,Kegalle,25.19,54.99,41.62,196.38,0,0.07
2022-12-01,Gampaha,34.78,44.71,5.6,2.99,0,0.07
2021-02-13,Badulla,36.87,57.33,47.2,671.38,0,0.13
2022-09-25,Kandy,41.65,91.23,16.64,45.44,0,0.04
2019-05-16,Ratnapura,45.58,89.05,38.43,131.0,0,0.07
2022-07-21,Galle,18.43,58.73,15.39,49.04,0,0.1
2019-05-04,Kandy,60.42,246.24,12.32,48.4,0,0.08
2021-01-11,Kalutara,2.33,20.94,12.9,8.38,0,0.11
2018-07-13,Ratnapura,83.38,397.62,35.5,136.37,1,2.61
2020-11-20,Nuwara Eliya,1.94,51.47,45.43,1793.5,0,0.12
2019-04-11,Nuwara Eliya,9.11,11.19,45.59,1797.31,0,0.0
2021-04-13,Badulla,3.37,48.88,43.41,679.27,0,0.09
2020-04-09,Nuwara Eliya,1.09,24.67,44.82,1799.88,0,0.02
2018-03-19,Kalutara,19.06,46.22,11.7,17.5,0,0.0
2020-05-14,Colombo,14.72,56.48,0.22,5.35,0,0.13
2022-07-02,Ratnapura,0.08,5.51,34.56,128.4,0,0.07
2019-07-11,Galle,5.54,47.4,16.06,54.83,0,0.01
2023-04-24,Matara,5.73,31.35,12.59,45.57,0,0.1
2020-12-06,Gampaha,10.75,48.58,1.63,7.44,0,0.1
2021-08-24,Badulla,16.55,41.14,45.05,689.51,0,0.08
2022-02-25,Kegalle,3.65,52.46,40.59,197.68,0,0.14
2021-06-08,Colombo,16.61,64.14,-0.64,3.81,0,0.1
2023-06-11,Matara,60.15,327.62,11.78,54.43,0,0.05
2022-02-26,Galle,15.92,22.16,11.13,47.25,0,0.13
2020-07-08,Colombo,6.12,22.77,1.74,7.88,0,0.03
2020-11-03,Matale,0.26,38.41,17.23,49.64,0,0.11
2022-05-30,Kalutara,10.11,10.82,12.61,15.82,0,0.0
2018-02-07,Kandy,195.8,298.27,14.45,47.71,1,3.44
2019-05-26,Colombo,5.65,30.88,3.18,-3.18,0,0.15
2022-11-29,Ratnapura,16.13,65.79,37.12,126.3,0,0.0
2019-11-17,Gampaha,0.99,2.26,1.87,21.36,0,0.1
2022-07-15,Nuwara Eliya,17.94,34.99,44.36,1809.37,0,0.03
2021-08-26,Kegalle,32.53,62.95,40.15,204.26,0,0.11
2021-04-11,Kalutara,18.41,67.93,12.71,17.76,0,0.03
2019-06-02,Nuwara Eliya,1.46,30.88,44.46,1793.05,0,0.08
2020-09-01,Matara,23.69,44.53,13.97,49.98,0,0.11
2019-04-10,Matara,5.34,53.61,12.85,43.37,0,0.06
2019-03-23,Ratnapura,6.08,30.52,32.85,125.42,0,0.06
2022-09-22,Kalutara,19.5,51.17,7.75,13.83,0,0.07
2020-07-29,Badulla,27.64,73.43,39.26,683.46,0,0.14
2022-02-08,Matale,5.6,27.61,13.26,59.75,0,0.02
2020-09-30,Nuwara Eliya,28.38,43.75,47.23,1802.13,0,0.04
2018-05-16,Galle,1.85,46.25,14.34,54.7,0,0.13
2021-08-24,Nuwara Eliya,16.23,40.72,42.36,1799.6,0,0.08
2023-04-20,Kalutara,14.36,45.17,12.62,13.96,0,0.07
2019-07-14,Kalutara,17.24,43.18,8.38,10.25,0,0.02
2022-01-20,Kalutara,19.53,43.0,14.17,13.86,0,0.07
2023-06-09,Badulla,7.21,23.86,44.04,668.25,0,0.02
2018-02-16,Nuwara Eliya,157.2,461.19,44.92,1798.8,1,1.53
2023-02-20,Matale,31.52,42.11,12.65,53.85,0,0.13
2018-04-22,Kandy,5.2,47.76,17.65,54.2,0,0.1
2021-07-10,Kegalle,4.55,19.13,40.04,209.57,0,0.04
2021-10-12,Matara,8.92,29.71,14.07,61.25,0,0.06
2022-10-15,Kandy,4.81,9.0,18.53,55.33,0,0.05
2019-09-24,Ratnapura,10.25,35.75,35.09,121.1,0,0.02
2021-05-10,Kandy,65.14,441.87,14.6,52.43,0,0.1
2020-01-29,Matara,9.07,44.74,13.61,45.65,0,0.14
2018-05-28,Badulla,41.94,80.89,41.69,677.52,0,0.11
2020-05-22,Matale,1.24,41.27,15.19,47.41,0,0.09
2019-07-24,Galle,24.13,50.25,13.22,49.2,0,0.0
2021-09-18,Kalutara,51.81,165.45,12.84,14.93,0,0.13
2022-10-26,Matale,49.38,85.59,14.59,50.87,0,0.14
2021-12-22,Gampaha,60.96,277.77,-0.37,6.56,0,0.14
2020-03-02,Kegalle,12.49,52.52,38.38,200.53,0,0.04
2018-12-02,Ratnapura,8.57,26.26,35.93,120.87,0,0.05
2020-04-30,Colombo,3.45,9.78,0.99,-2.6,0,0.08
2022-06-18,Colombo,14.26,60.63,3.11,6.4,0,0.08
2018-03-07,Nuwara Eliya,11.59,27.46,43.71,1795.51,0,0.09
2020-06-04,Gampaha,33.82,36.7,1.84,12.28,0,0.12
2021-03-30,Ratnapura,3.4,43.8,33.81,120.27,0,0.02
2022-11-26,Ratnapura,1.13,32.78,32.38,131.13,0,0.01
2023-04-08,Gampaha,4.56,5.52,3.82,14.58,0,0.12
2020-05-02,Kandy,7.06,47.53,16.3,41.07,0,0.07
2022-02-24,Nuwara Eliya,12.77,44.08,44.12,1804.6,0,0.04
2022-04-23,Colombo,28.89,42.35,1.2,2.77,0,0.09
2019-04-11,Matara,12.3,26.74,15.81,47.63,0,0.14
2020-11-25,Kegalle,8.23,21.97,37.85,198.16,0,0.07
2021-05-10,Kandy,9.77,14.95,16.09,52.25,0,0.13
2022-10-30,Matale,5.11,23.27,15.46,46.63,0,0.04
2019-02-27,Gampaha,29.58,72.23,-1.09,7.11,0,0.15
2021-03-05,Matale,23.21,23.26,16.32,42.87,0,0.09
2023-05-25,Galle,163.96,415.48,11.73,48.65,1,2.6
2021-01-01,Matara,11.18,37.38,12.81,40.55,0,0.09
2018-06-24,Matara,15.49,31.82,12.93,53.24,0,0.07
2019-03-08,Nuwara Eliya,2.33,6.44,46.79,1804.25,0,0.09
2023-03-27,Gampaha,6.1,7.38,3.79,12.1,0,0.12
2022-08-07,Kandy,17.81,40.94,12.98,55.44,0,0.09
2019-03-22,Ratnapura,11.64,55.72,33.56,130.26,0,0.1
2020-12-22,Matara,4.57,43.58,16.52,46.96,0,0.05
2022-05-24,Matara,6.34,36.29,17.21,50.88,0,0.15
2021-05-04,Matale,50.02,364.24,15.23,49.34,0,0.13
2020-11-27,Kandy,4.06,43.85,17.23,51.17,0,0.05
2022-03-03,Kegalle,0.88,37.78,38.19,213.49,0,0.12
2019-01-20,Gampaha,50.14,197.93,4.1,9.45,0,0.07
2021-10-27,Badulla,11.09,16.33,45.62,688.21,0,0.13
2020-05-09,Kegalle,1.19,43.71,39.68,198.78,0,0.07
2023-04-04,Kalutara,14.94,32.65,15.52,21.12,0,0.14
2020-03-24,Matale,4.22,27.83,15.3,49.14,0,0.08
2020-12-04,Kandy,56.5,198.36,13.95,48.9,0,0.12
2021-04-17,Kandy,15.71,43.1,11.99,47.22,0,0.09
2021-07-05,Gampaha,5.84,51.4,0.22,9.41,0,0.06
2022-06-22,Matale,34.49,61.32,16.76,51.76,0,0.11
2021-10-02,Colombo,5.73,49.44,-0.33,-3.0,0,0.02
2018-12-11,Badulla,23.85,71.96,39.27,675.36,0,0.1
2019-05-27,Kalutara,18.59,55.72,9.08,15.63,0,0.03
2022-09-29,Kegalle,14.67,52.21,40.79,199.41,0,0.04
2021-09-06,Kegalle,72.56,194.81,39.88,204.84,0,0.13
2019-10-21,Colombo,3.85,25.46,2.47,10.82,0,0.08
2020-11-15,Gampaha,10.48,46.09,4.05,14.06,0,0.06
2022-05-26,Gampaha,2.61,13.36,4.63,4.91,0,0.03
2022-06-08,Galle,5.21,29.01,15.57,54.72,0,0.14
2020-05-20,Matara,8.84,12.4,14.13,58.3,0,0.12
2018-09-13,Kalutara,52.7,162.44,13.29,12.15,0,0.11
2020-05-27,Colombo,44.71,81.1,1.64,2.04,0,0.01
2019-03-07,Galle,11.49,13.36,15.54,49.35,0,0.04
2022-10-30,Nuwara Eliya,5.69,40.38,42.8,1803.66,0,0.06
2020-07-11,Matara,180.51,324.1,15.78,50.1,0,0.12
2022-01-04,Badulla,3.92,23.62,45.0,679.53,0,0.09
2020-05-14,Gampaha,209.9,362.31,2.53,10.71,1,2.56
2020-02-07,Kalutara,32.24,69.86,10.13,20.84,0,0.0
2023-04-01,Badulla,0.39,35.64,44.53,675.14,0,0.03
2022-08-10,Galle,74.06,473.95,13.33,51.59,0,0.07
2023-04-09,Kandy,13.13,35.26,16.77,43.94,0,0.07
2023-05-08,Badulla,27.67,39.28,39.86,672.99,0,0.13
2022-01-21,Kalutara,11.82,45.41,6.39,16.91,0,0.03
2021-02-19,Kalutara,2.55,44.41,14.45,11.49,0,0.01
2021-03-07,Galle,1.45,28.42,13.97,50.93,0,0.12
2023-04-15,Gampaha,2.35,34.12,0.4,6.17,0,0.02
2018-04-27,Matara,1.16,6.5,16.84,56.14,0,0.12
2021-03-23,Kalutara,1.63,50.09,7.7,15.49,0,0.03
2019-02-03,Badulla,39.82,68.17,42.11,682.71,0,0.06
2022-03-31,Nuwara Eliya,12.84,40.34,44.8,1797.65,0,0.01
2019-08-15,Galle,96.7,344.68,17.35,55.94,0,0.13
2022-01-22,Matara,2.76,28.3,11.46,47.89,0,0.08
2021-07-25,Kegalle,27.94,68.78,37.98,199.48,0,0.03
2021-11-26,Matara,7.79,21.83,13.81,49.1,0,0.14
2023-02-20,Badulla,2.64,21.37,45.73,669.29,0,0.01
2020-08-05,Kalutara,29.65,43.88,12.68,27.53,0,0.12
2019-03-22,Gampaha,7.58,10.89,2.13,15.24,0,0.03
2022-12-16,Galle,22.21,55.03,15.3,40.14,0,0.09
2020-10-25,Colombo,14.77,15.06,-3.02,1.16,0,0.1
2023-06-15,Colombo,8.04,37.78,6.93,4.46,0,0.05
2022-11-07,Nuwara Eliya,4.36,48.01,46.09,1797.67,0,0.13
2018-02-24,Badulla,14.19,59.41,43.29,676.58,0,0.03
2021-02-03,Nuwara Eliya,27.09,43.09,45.1,1799.04,0,0.05
2022-09-27,Matale,6.32,50.07,16.02,46.92,0,0.13
2020-08-12,Kandy,47.93,74.11,16.01,58.96,0,0.07
2019-10-01,Matale,8.57,28.11,15.49,44.37,0,0.14
2019-04-12,Ratnapura,4.76,41.59,37.39,134.19,0,0.07
2020-08-11,Nuwara Eliya,52.74,242.7,46.59,1808.32,1,2.01
2021-07-07,Matale,40.41,74.86,11.86,52.27,0,0.03
2022-11-20,Colombo,11.19,55.72,3.0,8.29,0,0.09
2021-08-29,Ratnapura,1.34,33.42,31.63,134.16,0,0.13
2019-01-22,Kegalle,28.16,40.84,40.39,188.87,0,0.13
2021-06-24,Nuwara Eliya,0.79,3.31,45.22,1799.58,0,0.1
2021-02-10,Badulla,4.04,45.6,46.69,673.0,0,0.0
2022-05-18,Ratnapura,72.6,248.99,36.7,133.24,1,4.71
2021-04-04,Matale,1.04,24.1,14.36,52.58,0,0.05
2019-11-08,Ratnapura,11.67,38.64,33.79,132.48,0,0.13
2022-02-28,Gampaha,69.17,384.47,5.18,1.58,1,3.52
2019-04-10,Kalutara,0.68,11.91,9.63,18.22,0,0.08
2021-07-24,Nuwara Eliya,0.33,37.5,47.8,1798.66,0,0.03
2020-08-16,Badulla,24.06,43.66,39.86,672.3,0,0.14
2020-09-20,Badulla,76.34,188.34,46.1,676.53,0,0.05
2022-01-14,Badulla,0.28,49.92,42.2,682.59,0,0.01
2021-12-02,Kalutara,9.59,41.3,12.49,14.62,0,0.0
2021-10-25,Ratnapura,15.77,36.94,29.47,138.1,0,0.03
2019-10-26,Colombo,4.63,14.87,5.26,5.92,0,0.06
2020-12-19,Badulla,14.85,53.64,41.31,685.71,0,0.04
2018-09-16,Gampaha,4.43,49.42,4.31,19.28,0,0.1
2018-01-10,Galle,0.51,23.97,16.36,46.45,0,0.05
2018-01-22,Galle,33.63,45.61,14.15,51.96,0,0.09
2019-03-29,Matale,0.1,17.6,16.75,50.86,0,0.09
2020-04-28,Kandy,4.31,14.84,15.35,46.98,0,0.05
2019-05-09,Gampaha,8.21,16.95,-0.47,16.32,0,0.05
2021-12-09,Colombo,12.06,23.94,4.01,14.73,0,0.08
2022-05-13,Kalutara,44.95,48.09,14.22,19.23,0,0.09
2020-09-14,Kalutara,38.27,63.89,15.21,17.31,0,0.09
2021-07-08,Ratnapura,61.77,230.27,35.75,131.19,0,0.0
2019-06-12,Kalutara,27.05,68.88,12.87,11.29,0,0.04
2022-12-14,Kandy,8.42,13.52,16.44,49.4,0,0.07
2018-06-05,Matara,209.77,427.94,13.14,44.76,1,1.69
2019-03-25,Galle,0.25,23.39,15.43,56.12,0,0.08
2022-07-22,Badulla,22.19,55.61,42.0,678.02,0,0.03
2018-02-07,Matale,10.64,59.18,14.8,51.54,0,0.15
2022-10-11,Matara,14.14,15.84,11.13,55.08,0,0.12
2018-10-02,Matale,18.02,28.25,18.35,47.72,0,0.14
2022-04-15,Galle,1.2,15.28,13.05,50.8,0,0.09
2019-06-03,Kegalle,272.35,432.27,38.24,195.9,1,4.8
2020-04-29,Kegalle,7.09,34.78,43.53,197.46,0,0.11
2022-08-14,Colombo,13.2,19.02,0.99,9.44,0,0.01
2023-03-11,Kegalle,2.8,52.19,37.32,204.47,0,0.07
2019-08-22,Matara,75.7,409.58,8.72,53.97,0,0.09
2023-04-19,Kandy,184.21,289.94,17.49,53.2,0,0.11
2021-06-20,Galle,1.77,14.87,15.86,47.17,0,0.1
2023-04-08,Ratnapura,3.0,45.96,35.48,123.95,0,0.06
2022-03-10,Gampaha,16.42,64.0,2.2,4.38,0,0.14
2020-11-19,Colombo,131.38,410.67,2.51,3.86,1,3.7
2019-03-20,Galle,11.73,49.65,16.07,57.46,0,0.06
2020-04-26,Badulla,31.87,77.95,40.87,688.02,0,0.14
2020-03-16,Gampaha,19.96,57.18,2.39,16.85,0,0.07
2022-07-10,Kegalle,35.21,69.64,39.33,193.28,0,0.04
2018-08-04,Nuwara Eliya,98.88,383.05,42.37,1810.11,1,2.38
2019-05-08,Kalutara,33.01,55.45,10.19,16.63,0,0.13
2018-10-22,Matara,0.44,31.91,17.39,48.65,0,0.07
2018-11-25,Galle,12.54,53.68,14.05,54.06,0,0.1
2018-04-19,Matara,7.22,20.55,16.54,58.76,0,0.11
2022-12-30,Matale,11.36,45.04,17.54,50.58,0,0.0
2021-06-06,Nuwara Eliya,82.39,448.46,44.4,1801.26,1,2.82
2021-12-26,Nuwara Eliya,80.33,346.59,44.29,1796.62,1,3.88
2021-05-07,Colombo,43.77,57.65,0.83,12.05,0,0.08
2021-06-21,Matara,6.55,34.6,12.42,57.04,0,0.02
2021-04-05,Colombo,21.44,34.56,-1.03,1.31,0,0.1
2019-10-08,Matale,7.53,23.25,13.21,52.87,0,0.12
2020-02-22,Nuwara Eliya,21.5,41.63,47.17,1789.55,0,0.05
2023-04-14,Nuwara Eliya,2.78,42.13,46.42,1799.86,0,0.08
2018-11-28,Badulla,58.53,423.88,38.96,676.64,1,3.77
2020-11-25,Kalutara,23.8,48.94,10.4,13.52,0,0.09
2022-09-15,Kegalle,12.64,31.55,39.61,203.0,0,0.12
2018-10-12,Galle,9.87,50.07,14.71,53.29,0,0.11
2019-12-23,Gampaha,21.48,31.48,0.59,6.02,0,0.01
2019-08-05,Matara,6.35,38.62,13.75,55.9,0,0.08
2018-01-24,Matara,2.69,25.8,13.81,39.99,0,0.05
2023-04-29,Kandy,24.49,60.7,15.14,53.31,0,0.12
2020-02-21,Galle,10.3,26.14,11.95,50.68,0,0.05
2018-04-15,Badulla,1.67,42.09,44.07,671.39,0,0.08
2018-07-28,Matara,58.67,443.05,14.27,49.47,0,0.09
2019-01-09,Badulla,56.24,348.1,41.41,677.69,1,3.72
2020-12-11,Nuwara Eliya,81.41,325.27,49.77,1810.74,1,4.28
2019-12-05,Nuwara Eliya,30.16,76.29,43.62,1797.68,0,0.02
2019-12-14,Matale,55.47,436.8,15.24,48.67,0,0.02
2020-03-08,Kandy,14.22,32.34,15.39,50.94,0,0.03
2019-02-27,Kalutara,8.01,10.5,12.32,9.42,0,0.02
2020-08-30,Gampaha,10.5,56.95,2.82,18.05,0,0.14
2020-01-29,Matara,12.0,43.18,14.31,53.65,0,0.07
2020-04-28,Ratnapura,2.51,20.13,38.33,127.62,0,0.06
2022-11-23,Kegalle,6.95,15.7,39.0,205.56,0,0.13
2019-07-16,Ratnapura,164.49,503.03,36.54,127.83,1,4.17
2020-03-04,Kalutara,142.99,286.33,14.41,16.35,1,1.43
2018-05-25,Kegalle,3.08,21.29,37.58,198.45,0,0.01
2021-12-12,Gampaha,8.29,14.21,4.26,6.17,0,0.11
2019-01-28,Galle,4.76,47.99,18.34,48.1,0,0.13
2020-09-09,Galle,104.12,402.46,11.95,62.36,0,0.05
